case,leverage,median_twr_cagr,p05_twr_cagr,median_terminal_equity,median_withdrawn,p_unpaid_withdrawal,p_liquidation,p_ruin,worst_ruin_deficit,median_max_drawdown,geometric_twr_cagr
constant_rate,1.0,0.19920109778264738,0.08395407514297068,307531.9151137604,0.0,0.0,0.0,0.0,0.0,-0.2989221115742391,0.19725053492840056
constant_rate,1.25,0.22793099230740943,0.08557952623672299,389681.3902387413,0.0,0.0,0.0,0.0,0.0,-0.3598341833013762,0.22377711685919252
constant_rate,1.5,0.2592468678360267,0.07976992865917211,501278.2512859176,0.0,0.0,0.0,0.0,0.0,-0.42748007135482063,0.25485644098736276
constant_rate,1.75,0.2891197545240295,0.07651533786564416,633727.7872892809,0.0,0.0,0.0,0.0,0.0,-0.4907354196657606,0.28211824968022114
constant_rate,2.0,0.3142774503532997,0.0684737336892947,768850.4516263251,0.0,0.0,0.0,0.0,0.0,-0.5482034244358269,0.3066633218107315
paired_rate_equal_mean,1.0,0.19920109778264738,0.08395407514297068,307531.9151137604,0.0,0.0,0.0,0.0,0.0,-0.2989221115742391,0.19725053492840056
paired_rate_equal_mean,1.25,0.2268743035050813,0.0846496832607932,386340.9268461724,0.0,0.0,0.0,0.0,0.0,-0.35685450262742924,0.22377923418455578
paired_rate_equal_mean,1.5,0.25926439441773275,0.08478767984225871,501347.99339736684,0.0,0.0,0.0,0.0,0.0,-0.42732689585965666,0.2550247904095404
paired_rate_equal_mean,1.75,0.2880032830220921,0.07612644496384616,628262.9847783245,0.0,0.0,0.0,0.0,0.0,-0.48907028071009984,0.28212391217780647
paired_rate_equal_mean,2.0,0.31421472628707825,0.06930632803879079,768482.0492045009,0.0,0.0,0.0,0.0,0.0,-0.5473620506413273,0.3068485485118301
paired_rate_stress50,1.0,0.19920109778264738,0.08395407514297068,307531.9151137604,0.0,0.0,0.0,0.0,0.0,-0.2989221115742391,0.19725053492840056
paired_rate_stress50,1.25,0.2268743035050813,0.0846496832607932,386340.9268461724,0.0,0.0,0.0,0.0,0.0,-0.35685450262742924,0.22377923418455578
paired_rate_stress50,1.5,0.25926439441773275,0.08478767984225871,501347.99339736684,0.0,0.0,0.0,0.0,0.0,-0.42732689585965666,0.2550247904095404
paired_rate_stress50,1.75,0.28800259890212887,0.07612578517905924,628259.6387574446,0.0,0.0,0.12109375,0.0,0.0,-0.4890829991859875,0.2821231293034915
paired_rate_stress50,2.0,0.31484448336759985,0.07068916489988145,772171.9861867826,0.0,0.0,0.9140625,0.0,0.0,-0.5425357535935995,0.30672566078482255
paired_rate_stress75,1.0,0.19920109778264738,0.08395407514297068,307531.9151137604,0.0,0.0,0.0,0.0,0.0,-0.2989221115742391,0.19725053492840056
paired_rate_stress75,1.25,0.22674283702010378,0.08535550727751566,385927.42003310093,0.0,0.0,0.458984375,0.0,0.0,-0.35623991936568217,0.223901593005959
paired_rate_stress75,1.5,0.25949976909854156,0.0832899007435926,502285.8440863119,0.0,0.0,0.927734375,0.0,0.0,-0.4150244054968293,0.2533645314877682
paired_rate_stress75,1.75,0.28823545497574865,0.08243316697470365,629393.8338987716,0.0,0.0,0.927734375,0.0,0.0,-0.46502946294533193,0.28004019737177116
paired_rate_stress75,2.0,0.30968996887013933,0.07592786369038197,742429.3564262937,0.0,0.0,0.927734375,0.0,0.0,-0.5149572135915936,0.30455243370918145
mean_minus_2pp,1.0,0.17546924899279936,0.062494094736323155,251815.6634259794,0.0,0.0,0.0,0.0,0.0,-0.306495530016895,0.17355716174030392
mean_minus_2pp,1.25,0.1975447183601572,0.059166662455926444,303312.43977111054,0.0,0.0,0.0,0.0,0.0,-0.37148988730590965,0.19469513576462918
mean_minus_2pp,1.5,0.22358543062927405,0.050709047642156044,376109.148485389,0.0,0.0,0.0,0.0,0.0,-0.44213416774217645,0.21893661178777327
mean_minus_2pp,1.75,0.24436008743736226,0.04101673997179211,445073.3708647761,0.0,0.0,0.0,0.0,0.0,-0.503204186027143,0.2388831793109341
mean_minus_2pp,2.0,0.26340439276303185,0.026626651324518125,518079.4103144823,0.0,0.0,0.0,0.0,0.0,-0.5608632805310814,0.2567338239049683
mean_minus_4pp,1.0,0.15220521953929123,0.04145732320165131,206190.38104673754,0.0,0.0,0.0,0.0,0.0,-0.3163869778474658,0.15033085190811563
mean_minus_4pp,1.25,0.16971405917082105,0.030882264380715264,239766.02906066546,0.0,0.0,0.0,0.0,0.0,-0.38489160401135253,0.16632406008344625
mean_minus_4pp,1.5,0.18806430721165113,0.018655519846185742,280136.9122285062,0.0,0.0,0.0,0.0,0.0,-0.4525981738052932,0.18391583467600375
mean_minus_4pp,1.75,0.20477717048856559,0.007250916022470412,322137.64137063926,0.0,0.0,0.0,0.0,0.0,-0.5177764212042975,0.19717674008236274
mean_minus_4pp,2.0,0.21515905988503103,-0.014000786606878517,350995.4274315472,0.0,0.0,0.0,0.0,0.0,-0.5745325494256457,0.20820871653277548
withdraw_1000_monthly,1.0,0.1991163381646518,0.08384872437516196,383.9512730785043,91000.0,0.69140625,0.0,0.0,0.0,-0.2989318102772415,0.19714436475474703
withdraw_1000_monthly,1.25,0.23300915104548392,0.08594146738042815,853.9721245156759,112000.0,0.5234375,0.296875,0.0,0.0,-0.37091083692270377,0.2283905464273152
withdraw_1000_monthly,1.5,0.26156597531551284,0.08357309328404763,18232.740151809157,120000.0,0.453125,0.35546875,0.0,0.0,-0.4339524147207082,0.2565972899468282
withdraw_1000_monthly,1.75,0.2894276989077257,0.07822210878866276,54534.59841913217,120000.0,0.41015625,0.416015625,0.0,0.0,-0.49292046188274563,0.28241343307755334
withdraw_1000_monthly,2.0,0.3141454264506903,0.06758995045401721,79407.60922302028,120000.0,0.388671875,0.916015625,0.009765625,0.6878665633547295,-0.5426851644072344,0.3051458286260778
