date,level
2016-08-31,929.9297831500918
2016-09-01,930.7316646750829
2016-09-02,934.2381086395429
2016-09-06,939.5065416264414
2016-09-07,937.6296823196386
2016-09-08,932.681412391578
2016-09-09,909.0540199086802
2016-09-12,922.4928755313722
2016-09-13,910.3295011894879
2016-09-14,909.7352019164832
2016-09-15,919.303727426894
2016-09-16,917.6269029551103
2016-09-19,918.201952450685
2016-09-20,919.1924283448803
2016-09-21,931.2958608271397
2016-09-22,938.608330411311
2016-09-23,935.0476509705018
2016-09-26,928.9767010952896
2016-09-27,934.9342556802424
2016-09-28,935.8718238432538
2016-09-29,927.570130410217
2016-09-30,929.5657158879095
2016-10-03,926.0891038300872
2016-10-04,916.3777122720693
2016-10-05,915.6027706067024
2016-10-06,916.3317707500327
2016-10-07,913.4351054117283
2016-10-10,916.9449170794148
2016-10-11,908.1574875611107
2016-10-12,913.13450702472
2016-10-13,913.4884366381181
2016-10-14,912.1178474692506
2016-10-17,911.5022209025102
2016-10-18,914.1391743055372
2016-10-19,913.1823610944189
2016-10-20,909.6237064965668
2016-10-21,911.3558784106735
2016-10-24,918.0897174516762
2016-10-25,915.5807187907213
2016-10-26,911.3901359854507
2016-10-27,905.8763465992245
2016-10-28,906.905377174467
2016-10-31,910.818157919878
2016-11-01,902.100407661935
2016-11-02,894.1362940461978
2016-11-03,890.2521790041293
2016-11-04,887.7176573514295
2016-11-07,905.702239370237
2016-11-08,911.6332458920795
2016-11-09,906.9346982694382
2016-11-10,892.1414235307163
2016-11-11,894.0643244289344
2016-11-14,886.4242824598524
2016-11-15,896.7211843749577
2016-11-16,899.7093254984401
2016-11-17,903.9358010096437
2016-11-18,902.5665520231588
2016-11-21,908.874974259462
2016-11-22,913.9176621981477
2016-11-23,911.4250813100844
2016-11-25,917.0234532091171
2016-11-28,918.1295840510264
2016-11-29,919.5723207354145
2016-11-30,904.6260887328133
2016-12-01,895.8244987747828
2016-12-02,899.774430432661
2016-12-05,904.6286978625027
2016-12-06,907.2752498734512
2016-12-07,920.1147711150405
2016-12-08,918.9780760248932
2016-12-09,924.5184101499342
2016-12-12,928.4500461207532
2016-12-13,936.1554810743971
2016-12-14,928.4905533998256
2016-12-15,930.0774635858247
2016-12-16,933.198354803966
2016-12-19,938.8335698969445
2016-12-20,941.4605542166968
2016-12-21,939.5457005554442
2016-12-22,940.3662924800736
2016-12-23,940.6757229053372
2016-12-27,943.5642052140987
2016-12-28,936.7350124767931
2016-12-29,940.4600556856759
2016-12-30,933.890578790165
2017-01-03,938.4749202076965
2017-01-04,941.4785053540866
2017-01-05,944.4428458034312
2017-01-06,946.2858890753707
2017-01-09,943.356459139846
2017-01-10,941.6983785451637
2017-01-11,942.8592369595822
2017-01-12,943.3342844153295
2017-01-13,944.4516314802335
2017-01-17,946.8622103575372
2017-01-18,947.6211384549796
2017-01-19,945.6914013034086
2017-01-20,947.7875760479787
2017-01-23,950.0099288905116
2017-01-24,950.0067749729265
2017-01-25,954.1076013703172
2017-01-26,953.6784168008315
2017-01-27,956.3276649963583
2017-01-30,952.0196497744535
2017-01-31,952.042690202684
2017-02-01,950.3840665819898
2017-02-02,951.9825914397178
2017-02-03,954.4319196880404
2017-02-06,951.9754790549156
2017-02-07,954.4113459709688
2017-02-08,958.4243136771462
2017-02-09,961.0948602574865
2017-02-10,964.9464428004229
2017-02-13,966.4137288248315
2017-02-14,966.1451822733943
2017-02-15,968.5331102288337
2017-02-16,971.6688837553208
2017-02-17,974.4920495708416
2017-02-21,982.0204797611943
2017-02-22,982.4341854451559
2017-02-23,984.5573600070044
2017-02-24,989.5723280325017
2017-02-27,987.787704107564
2017-02-28,986.63900343169
2017-03-01,994.5226273706461
2017-03-02,991.7767546044402
2017-03-03,991.7115434992335
2017-03-06,989.2915982972909
2017-03-07,989.0260752011866
2017-03-08,987.0654396963978
2017-03-09,988.5075283563029
2017-03-10,993.6091878066384
2017-03-13,995.4078758448236
2017-03-14,992.7935559058495
2017-03-15,1002.5405366270825
2017-03-16,999.5611946496498
2017-03-17,1003.3960283290118
2017-03-20,1000.6379673810617
2017-03-21,977.754576223912
2017-03-22,981.2321354699161
2017-03-23,981.7478935600038
2017-03-24,980.9149788875867
2017-03-27,976.9231094063981
2017-03-28,986.2487780140546
2017-03-29,984.7187418553194
2017-03-30,992.5641893707389
2017-03-31,988.2326528315261
2017-04-03,986.1996986869874
2017-04-04,986.2731042006569
2017-04-05,980.2376979882317
2017-04-06,985.5761451931472
2017-04-07,984.4780975788613
2017-04-10,981.9035487883609
2017-04-11,979.6389567121552
2017-04-12,970.0438350404054
2017-04-13,961.8044025466985
2017-04-17,974.1280548576229
2017-04-18,971.4740409107234
2017-04-19,970.4781539450953
2017-04-20,983.6151569097116
2017-04-21,979.3952171398369
2017-04-24,994.3255292959914
2017-04-25,1004.5546381031672
2017-04-26,1004.2513662256464
2017-04-27,1003.9869180738074
2017-04-28,996.87786238767
2017-05-01,999.6942176800328
2017-05-02,999.0519558476876
2017-05-03,997.6124981929443
2017-05-04,997.2060345431773
2017-05-05,1000.9368450226402
2017-05-08,999.0573651655664
2017-05-09,998.0948806060424
2017-05-10,1005.5392157240864
2017-05-11,1004.7494089370986
2017-05-12,1002.0382773300432
2017-05-15,1010.166127208523
2017-05-16,1011.0139316323241
2017-05-17,981.7177880080835
2017-05-18,987.74305345007
2017-05-19,997.047330939113
2017-05-22,1003.9587371182408
2017-05-23,1008.3892126150454
2017-05-24,1011.2957250902679
2017-05-25,1015.734937652992
2017-05-26,1018.405838079967
2017-05-30,1016.5056420933269
2017-05-31,1015.2513649847942
2017-06-01,1022.0671872021685
2017-06-02,1023.8577123773155
2017-06-05,1022.1006666431432
2017-06-06,1019.2835237039621
2017-06-07,1024.152372140014
2017-06-08,1032.2138643109217
2017-06-09,1033.2698605746273
2017-06-12,1034.066147813048
2017-06-13,1040.0748580548423
2017-06-14,1036.3418798646376
2017-06-15,1034.4383978200142
2017-06-16,1034.8249663250313
2017-06-19,1046.273078226548
2017-06-20,1036.2281199493848
2017-06-21,1031.657535593747
2017-06-22,1028.3744481800315
2017-06-23,1026.2530894874387
2017-06-26,1026.8497947114263
2017-06-27,1021.1025031500167
2017-06-28,1036.4330357662182
2017-06-29,1029.8398972541552
2017-06-30,1031.9702592499202
2017-07-03,1036.3686485310625
2017-07-05,1042.248655598662
2017-07-06,1035.320699379013
2017-07-07,1043.6190606882597
2017-07-10,1047.4851150760067
2017-07-11,1045.9364292626328
2017-07-12,1052.36277161212
2017-07-13,1054.3034387455232
2017-07-14,1057.1408308912066
2017-07-17,1055.727618877027
2017-07-18,1054.8552638870415
2017-07-19,1058.0508161347484
2017-07-20,1057.4680178184283
2017-07-21,1057.0860654173382
2017-07-24,1056.007480981233
2017-07-25,1064.9460897121576
2017-07-26,1062.825665094916
2017-07-27,1058.0265928829826
2017-07-28,1059.279500051158
2017-07-31,1061.5928101723575
2017-08-01,1063.3027943649133
2017-08-02,1063.6957834662808
2017-08-03,1062.1249012605524
2017-08-04,1067.69267746407
2017-08-07,1069.7423272122978
2017-08-08,1067.338007355045
2017-08-09,1067.973986579659
2017-08-10,1049.8393519840652
2017-08-11,1047.6985087863056
2017-08-14,1063.6505713798276
2017-08-15,1064.0897341026075
2017-08-16,1064.244219255746
2017-08-17,1045.4394573578656
2017-08-18,1046.3128930398254
2017-08-21,1045.3766190345798
2017-08-22,1060.23470866
2017-08-23,1057.131619994496
2017-08-24,1055.3277171589182
2017-08-25,1055.8578124254814
2017-08-28,1055.3175115120034
2017-08-29,1055.045379279004
2017-08-30,1062.7412932397133
2017-08-31,1067.1476893551476
2017-09-01,1071.4515249062115
2017-09-05,1056.2432595249302
2017-09-06,1059.5391538685205
2017-09-07,1051.6043388608239
2017-09-08,1052.5414815343752
2017-09-11,1066.194548853148
2017-09-12,1073.765867662738
2017-09-13,1076.7779469628767
2017-09-14,1076.665945930749
2017-09-15,1083.0591469990584
2017-09-18,1089.8508588851657
2017-09-19,1095.0759193884485
2017-09-20,1094.8019504000806
2017-09-21,1091.1946856525065
2017-09-22,1089.387247144978
2017-09-25,1075.6158716560058
2017-09-26,1077.0699071560423
2017-09-27,1090.191286808101
2017-09-28,1092.2824627792702
2017-09-29,1097.8216259396636
2017-10-02,1102.368806871282
2017-10-03,1105.1692932522828
2017-10-04,1105.1294902492434
2017-10-05,1116.958821805291
2017-10-06,1119.296239635429
2017-10-09,1119.5087840100675
2017-10-10,1121.3720971958867
2017-10-11,1123.7178756634041
2017-10-12,1120.7578756204077
2017-10-13,1124.534500561794
2017-10-16,1130.4170174369413
2017-10-17,1130.1680321254787
2017-10-18,1132.7968370175322
2017-10-19,1131.676573248417
2017-10-20,1142.8800584254052
2017-10-23,1138.4455008387033
2017-10-24,1146.3821310800706
2017-10-25,1140.0258420794405
2017-10-26,1144.1820496583407
2017-10-27,1160.9216229189128
2017-10-30,1161.4794302782418
2017-10-31,1163.2988169422053
2017-11-01,1162.4892532065433
2017-11-02,1168.8033137767616
2017-11-03,1173.0187256981326
2017-11-06,1176.3296114380046
2017-11-07,1167.9588541714086
2017-11-08,1166.0414611788613
2017-11-09,1158.7236270486915
2017-11-10,1158.602832914393
2017-11-13,1160.900973581163
2017-11-14,1158.8911080004223
2017-11-15,1154.8239147471604
2017-11-16,1163.857028455264
2017-11-17,1159.5979756834104
2017-11-20,1164.4425309295348
2017-11-21,1174.4081535432267
2017-11-22,1171.2401423954698
2017-11-24,1173.3684011840928
2017-11-27,1171.7987425359115
2017-11-28,1186.847584301931
2017-11-29,1178.1658424016296
2017-11-30,1190.6160710165768
2017-12-01,1186.6148015606313
2017-12-04,1179.3746615557297
2017-12-05,1176.1761856823207
2017-12-06,1178.9927104098547
2017-12-07,1185.5613751290223
2017-12-08,1192.3690993855264
2017-12-11,1194.8465442308723
2017-12-12,1197.22024413222
2017-12-13,1194.2857406712455
2017-12-14,1188.9223656181985
2017-12-15,1201.7199951988325
2017-12-18,1210.2890549595204
2017-12-19,1205.3318636178408
2017-12-20,1204.5613460963584
2017-12-21,1206.875974906934
2017-12-22,1205.8452824969997
2017-12-26,1199.8066921466095
2017-12-27,1202.6363157709811
2017-12-28,1206.5780734646758
2017-12-29,1197.8610110810473
2018-01-02,1209.765985114206
2018-01-03,1220.7466899415936
2018-01-04,1228.5214161655408
2018-01-05,1239.1298102161609
2018-01-08,1242.1486225968779
2018-01-09,1246.7460658328757
2018-01-10,1249.1767914777686
2018-01-11,1257.29885533334
2018-01-12,1268.7602815862613
2018-01-16,1263.5022368137409
2018-01-17,1280.0239455701444
2018-01-18,1280.1744423908067
2018-01-19,1285.008576449342
2018-01-22,1293.4124528239936
2018-01-23,1298.5876732753488
2018-01-24,1297.8575293493436
2018-01-25,1297.4401869277635
2018-01-26,1311.7655184013886
2018-01-29,1303.1397449460717
2018-01-30,1288.6659162225324
2018-01-31,1296.489608213414
2018-02-01,1300.3619074495
2018-02-02,1271.6443148035617
2018-02-05,1215.499400961725
2018-02-06,1248.4135139542982
2018-02-07,1242.339120395954
2018-02-08,1187.0224030793604
2018-02-09,1211.8317401533552
2018-02-12,1233.3918483745622
2018-02-13,1237.2058537308171
2018-02-14,1262.5180512107088
2018-02-15,1279.0890148604894
2018-02-16,1275.398729432355
2018-02-20,1274.1435331107402
2018-02-21,1270.5115776313337
2018-02-22,1270.640158520026
2018-02-23,1292.2170683606025
2018-02-26,1309.2176643965618
2018-02-27,1297.3713985432892
2018-02-28,1285.724988748744
2018-03-01,1264.083859520641
2018-03-02,1268.9523524081635
2018-03-05,1285.2620487909567
2018-03-06,1290.0134908064267
2018-03-07,1293.2926494798348
2018-03-08,1297.3920322896126
2018-03-09,1325.7429615550122
2018-03-12,1323.548064794352
2018-03-13,1309.2797414324157
2018-03-14,1301.3680159617786
2018-03-15,1304.0554200971274
2018-03-16,1306.6582612559805
2018-03-19,1285.8712054914818
2018-03-20,1295.5895606893255
2018-03-21,1291.638250398352
2018-03-22,1248.6242236361352
2018-03-23,1221.2004856636902
2018-03-26,1261.6599271337393
2018-03-27,1225.5926337193278
2018-03-28,1216.9475287022658
2018-03-29,1238.4996931490955
2018-04-02,1208.11917732835
2018-04-03,1221.9733075902834
2018-04-04,1236.3685813694733
2018-04-05,1248.474156798353
2018-04-06,1216.3954009788179
2018-04-09,1221.1886996630747
2018-04-10,1245.839734216098
2018-04-11,1235.9903576836302
2018-04-12,1251.4047571396682
2018-04-13,1243.828464915549
2018-04-16,1253.1807885725634
2018-04-17,1277.4136557415886
2018-04-18,1281.9032063760912
2018-04-19,1281.888412560601
2018-04-20,1271.7801563088603
2018-04-23,1268.508808659462
2018-04-24,1238.315184711915
2018-04-25,1238.1048668965416
2018-04-26,1262.8114334261838
2018-04-27,1264.3225747029867
2018-04-30,1254.844134489532
2018-05-01,1262.1173160188712
2018-05-02,1251.6179726044356
2018-05-03,1254.7412138549125
2018-05-04,1269.8538767728423
2018-05-07,1278.2900917134004
2018-05-08,1280.9740912830136
2018-05-09,1295.6302904913084
2018-05-10,1307.3968655717997
2018-05-11,1309.3211146181563
2018-05-14,1309.3544324313452
2018-05-15,1295.8056004784855
2018-05-16,1298.6906134591627
2018-05-17,1296.7958943774545
2018-05-18,1297.6338848590083
2018-05-21,1310.573485987149
2018-05-22,1302.9976164359123
2018-05-23,1311.4667294118428
2018-05-24,1309.7731441553735
2018-05-25,1306.8432230018163
2018-05-29,1291.383633481483
2018-05-30,1308.489964469289
2018-05-31,1302.5067961833552
2018-06-01,1320.3905063184222
2018-06-04,1330.4097702914312
2018-06-05,1334.5665651335307
2018-06-06,1346.5794265528234
2018-06-07,1338.9073526196826
2018-06-08,1343.306608915934
2018-06-11,1343.9345637680535
2018-06-12,1347.770683956061
2018-06-13,1343.9369793842425
2018-06-14,1349.2040456596146
2018-06-15,1345.4477319721243
2018-06-18,1348.6560886728514
2018-06-19,1339.2102301882724
2018-06-20,1343.5528279319685
2018-06-21,1333.3883748978583
2018-06-22,1328.5465126611678
2018-06-25,1302.240493824846
2018-06-26,1307.6577379104615
2018-06-27,1290.9647625848747
2018-06-28,1304.3030757208426
2018-06-29,1304.019580576767
2018-07-02,1312.1838733100917
2018-07-03,1300.1046155225881
2018-07-05,1312.6712869912344
2018-07-06,1323.5650908366094
2018-07-09,1340.130906118742
2018-07-10,1344.3270815563121
2018-07-11,1338.8420571092831
2018-07-12,1359.1621941527471
2018-07-13,1362.422784601182
2018-07-16,1361.9964373974706
2018-07-17,1369.7448010303099
2018-07-18,1374.9794144660336
2018-07-19,1363.3778320465326
2018-07-20,1366.3787313701375
2018-07-23,1369.651424473053
2018-07-24,1379.64574270927
2018-07-25,1397.4769622016622
2018-07-26,1380.1321060776402
2018-07-27,1367.0588872892486
2018-07-30,1345.4572700094511
2018-07-31,1352.3299658400874
2018-08-01,1352.3356705532935
2018-08-02,1361.8310963155004
2018-08-03,1365.1111596085827
2018-08-06,1372.3186617497436
2018-08-07,1378.4904160312356
2018-08-08,1381.4981152989853
2018-08-09,1380.7563688993046
2018-08-10,1370.9620417884153
2018-08-13,1366.2242213527045
2018-08-14,1376.6191432392995
2018-08-15,1360.0867676695584
2018-08-16,1369.067547945036
2018-08-17,1368.4851175444119
2018-08-20,1370.8594026914768
2018-08-21,1373.2381375565274
2018-08-22,1377.3497606279007
2018-08-23,1377.0455343105193
2018-08-24,1389.0961955109617
2018-08-27,1403.9408684078712
2018-08-28,1405.201807943136
2018-08-29,1418.3132614403812
2018-08-30,1412.4404789208204
2018-08-31,1411.1341997226068
2018-09-04,1411.0870772538008
2018-09-05,1394.061814938838
2018-09-06,1392.468881229885
2018-09-07,1389.5462724580577
2018-09-10,1391.6880007762604
2018-09-11,1403.2722011947724
2018-09-12,1404.111440969165
2018-09-13,1412.90185514176
2018-09-14,1414.1806948427607
2018-09-17,1399.8029822234646
2018-09-18,1411.1817406877954
2018-09-19,1411.969670576509
2018-09-20,1423.5790596533684
2018-09-21,1420.423433918457
2018-09-24,1423.2643353576555
2018-09-25,1427.7984667473904
2018-09-26,1425.5550741875716
2018-09-27,1431.065267942086
2018-09-28,1431.2134945889627
2018-10-01,1441.9498249073722
2018-10-02,1433.1518633991996
2018-10-03,1434.9616644694759
2018-10-04,1412.183436432948
2018-10-05,1400.400120393184
2018-10-08,1388.5507779719292
2018-10-09,1389.4685359479035
2018-10-10,1326.064996283238
2018-10-11,1304.7416682627106
2018-10-12,1338.1532396160783
2018-10-15,1320.5590362772657
2018-10-16,1359.5211123306992
2018-10-17,1355.3994661813613
2018-10-18,1330.1110692566995
2018-10-19,1318.7536480989934
2018-10-22,1323.4696803693448
2018-10-23,1309.8125923350271
2018-10-24,1258.8828764301823
2018-10-25,1298.501623469801
2018-10-26,1267.4273516127303
2018-10-29,1244.0594690722173
2018-10-30,1261.0022622658976
2018-10-31,1289.5767461019454
2018-11-01,1304.7559539200502
2018-11-02,1298.8063016367896
2018-11-05,1301.6687481525448
2018-11-06,1307.9702796545675
2018-11-07,1351.6215073718386
2018-11-08,1347.5786199014528
2018-11-09,1329.652717534136
2018-11-12,1291.7653307248715
2018-11-13,1287.9543363013995
2018-11-14,1275.3661947513147
2018-11-15,1293.8184395564163
2018-11-16,1290.2412407634488
2018-11-19,1248.0107120089406
2018-11-20,1224.4093144103915
2018-11-21,1233.12692815361
2018-11-23,1223.4583971620802
2018-11-26,1251.5464908373242
2018-11-27,1256.2648972216948
2018-11-28,1302.97425344331
2018-11-29,1298.9587668031954
2018-11-30,1311.3834342070998
2018-12-03,1336.251412152896
2018-12-04,1284.6260667867546
2018-12-06,1287.4948491354744
2018-12-07,1246.476737083284
2018-12-10,1253.6783112366224
2018-12-11,1254.894414100801
2018-12-12,1267.8665986661886
2018-12-13,1266.2488622535443
2018-12-14,1233.5836289078154
2018-12-17,1202.6136833852313
2018-12-18,1209.8356508078145
2018-12-19,1190.5713535878506
2018-12-20,1166.038510774002
2018-12-21,1135.540909022359
2018-12-24,1106.4370769336895
2018-12-26,1175.0447918935788
2018-12-27,1186.1869372898145
2018-12-28,1183.1108878836576
2018-12-31,1197.3408211559276
2019-01-02,1197.5983249205763
2019-01-03,1161.6198067167663
2019-01-04,1209.9371981105774
2019-01-07,1225.0077351478478
2019-01-08,1238.866627887466
2019-01-09,1249.5247624320898
2019-01-10,1254.7846588024
2019-01-11,1253.5536543355695
2019-01-14,1245.2393617034788
2019-01-15,1265.151425215451
2019-01-16,1267.4749126387323
2019-01-17,1276.695093342662
2019-01-18,1294.5133903464055
2019-01-22,1272.0066424993088
2019-01-23,1272.6840309391391
2019-01-24,1277.6734522325085
2019-01-25,1292.5385198109066
2019-01-28,1276.4532108987785
2019-01-29,1268.811918696352
2019-01-30,1297.0690927781714
2019-01-31,1306.1151843826071
2019-02-01,1303.0505855697268
2019-02-04,1316.321405099283
2019-02-05,1325.7426365384931
2019-02-06,1322.1489496624806
2019-02-07,1307.03612026939
2019-02-08,1307.6898324112008
2019-02-11,1309.1835742912365
2019-02-12,1331.265212221557
2019-02-13,1334.9240479962261
2019-02-14,1335.7803812566747
2019-02-15,1349.8441859254265
2019-02-19,1350.881790554145
2019-02-20,1352.2509318849764
2019-02-21,1347.7875843484117
2019-02-22,1361.0953686865935
2019-02-25,1362.4104022887052
2019-02-26,1362.7198447077196
2019-02-27,1360.9005837800862
2019-02-28,1357.7065612807844
2019-03-01,1369.082496379216
2019-03-04,1358.4096269788445
2019-03-05,1356.4041414932176
2019-03-06,1347.7411357668093
2019-03-07,1334.277559566712
2019-03-08,1331.1920898685064
2019-03-11,1353.379489692245
2019-03-12,1356.4382911700434
2019-03-13,1368.2171606195325
2019-03-14,1368.3878694400216
2019-03-15,1377.0948261555488
2019-03-18,1380.527680806459
2019-03-19,1383.2113406685714
2019-03-20,1385.3417831514723
2019-03-21,1402.2631481466449
2019-03-22,1381.5654767599017
2019-03-25,1385.1504863920484
2019-03-26,1391.8035995825062
2019-03-27,1382.0381240579702
2019-03-28,1387.393787344957
2019-03-29,1396.2434946611515
2019-04-01,1404.6373233060906
2019-04-02,1404.936360985346
2019-04-03,1406.1955321231362
2019-04-04,1399.8669927237775
2019-04-05,1406.7338467087338
2019-04-08,1406.9323792872242
2019-04-09,1402.879872954895
2019-04-10,1407.5577108573436
2019-04-11,1401.5202380178864
2019-04-12,1398.451661209703
2019-04-15,1400.502285091162
2019-04-16,1387.496375360272
2019-04-17,1371.5847042703426
2019-04-18,1376.0559943272035
2019-04-22,1379.2098601274745
2019-04-23,1393.3551700973842
2019-04-24,1393.9714094581739
2019-04-25,1394.3643897315874
2019-04-26,1407.3067401207848
2019-04-29,1401.30515119719
2019-04-30,1410.8140248883742
2019-05-01,1398.5581424165441
2019-05-02,1399.8627001286197
2019-05-03,1411.487681588261
2019-05-06,1409.6909302526674
2019-05-07,1388.259818059444
2019-05-08,1387.6164663329935
2019-05-09,1385.5163275002278
2019-05-10,1395.144657509203
2019-05-13,1372.4285671040957
2019-05-14,1380.258990967815
2019-05-15,1388.4177875885237
2019-05-16,1406.6563058613146
2019-05-17,1401.406835204216
2019-05-20,1397.0312533343783
2019-05-21,1405.5702972598992
2019-05-22,1410.491372491625
2019-05-23,1396.564526296561
2019-05-24,1400.0444418848624
2019-05-28,1391.1394373085864
2019-05-29,1379.8919283002015
2019-05-30,1387.5746140715275
2019-05-31,1375.0526570672819
2019-06-03,1365.3517008288825
2019-06-04,1388.3492238683764
2019-06-05,1408.924178211681
2019-06-06,1416.8245058630146
2019-06-07,1432.662629825803
2019-06-10,1434.2734245512265
2019-06-11,1429.804250697532
2019-06-12,1432.76441164722
2019-06-13,1431.529582694449
2019-06-14,1432.1676632903284
2019-06-17,1435.1833915542559
2019-06-18,1442.5934426302636
2019-06-19,1454.7900727677788
2019-06-20,1465.4694689124099
2019-06-21,1461.7733853032125
2019-06-24,1461.1898752372822
2019-06-25,1446.4875648566988
2019-06-26,1433.6095971057464
2019-06-27,1440.4375340274914
2019-06-28,1443.62136130726
2019-07-01,1453.6809314686063
2019-07-02,1464.884064527134
2019-07-03,1480.1769978257091
2019-07-05,1475.8183480490757
2019-07-08,1472.5386348481961
2019-07-09,1478.0038940694567
2019-07-10,1488.2616582831122
2019-07-11,1488.4580105859761
2019-07-12,1487.7770253851584
2019-07-15,1490.9961321989922
2019-07-16,1485.3762990016603
2019-07-17,1481.4918304272496
2019-07-18,1485.4315665174647
2019-07-19,1469.8225880166772
2019-07-22,1473.3296976824697
2019-07-23,1475.3142670241605
2019-07-24,1477.0583847542568
2019-07-25,1470.365397310924
2019-07-26,1479.2201962416175
2019-07-29,1477.5808402796865
2019-07-30,1471.5771582380698
2019-07-31,1455.3828346542764
2019-08-01,1451.2558500435018
2019-08-02,1443.6487726005132
2019-08-05,1404.5643883206003
2019-08-06,1427.4884356395746
2019-08-07,1429.9182586299892
2019-08-08,1455.1230425279557
2019-08-09,1449.6817354827244
2019-08-12,1434.4907251767079
2019-08-13,1451.95992011163
2019-08-14,1413.1467147717422
2019-08-15,1418.33323677044
2019-08-16,1433.0075035828802
2019-08-19,1447.5808152440213
2019-08-20,1435.4543753360883
2019-08-21,1448.4293332946254
2019-08-22,1445.3735310830184
2019-08-23,1415.615928870675
2019-08-26,1433.4710288142235
2019-08-27,1429.7330481460358
2019-08-28,1436.4457934763711
2019-08-29,1451.2630624951282
2019-08-30,1448.8059742649073
2019-09-03,1449.5079993820966
2019-09-04,1456.3829238829608
2019-09-05,1467.1025760086395
2019-09-06,1466.8648464600308
2019-09-09,1451.9404123084605
2019-09-10,1439.192173848614
2019-09-11,1444.7996177890075
2019-09-12,1450.925312158147
2019-09-13,1447.020693563982
2019-09-16,1443.1218071841763
2019-09-17,1452.835764625048
2019-09-18,1452.981032545694
2019-09-19,1455.9265029852097
2019-09-20,1451.9720926452594
2019-09-23,1454.328266351018
2019-09-24,1451.049809446125
2019-09-25,1454.5969351453593
2019-09-26,1458.9291673768669
2019-09-27,1445.8861254859037
2019-09-30,1453.836692779731
2019-10-01,1440.0021186628862
2019-10-02,1416.1519237719403
2019-10-03,1430.1394065307725
2019-10-04,1452.1623177859233
2019-10-07,1443.8547217988985
2019-10-08,1424.6633697316834
2019-10-09,1440.5931730285013
2019-10-10,1444.1357966547748
2019-10-11,1446.4613637984064
2019-10-14,1443.3749483567435
2019-10-15,1446.0013291008734
2019-10-16,1444.257072317127
2019-10-17,1446.1162714091274
2019-10-18,1444.1189401695958
2019-10-21,1447.706359486613
2019-10-22,1429.585697302225
2019-10-23,1431.7240532864218
2019-10-24,1441.7176787219503
2019-10-25,1437.7303344772617
2019-10-28,1440.8773198805707
2019-10-29,1444.258949958566
2019-10-30,1456.0071857915816
2019-10-31,1452.1460172488225
2019-11-01,1449.0506684201343
2019-11-04,1433.5238921969662
2019-11-05,1423.596451525509
2019-11-06,1432.6579528204848
2019-11-07,1431.8157653731746
2019-11-08,1435.4607382866536
2019-11-11,1434.8271967716757
2019-11-12,1440.5561796038346
2019-11-13,1454.6930500595797
2019-11-14,1456.3832184130254
2019-11-15,1461.8601278051924
2019-11-18,1465.7575248504318
2019-11-19,1471.0141918133238
2019-11-20,1470.4617930754303
2019-11-21,1460.6007974214954
2019-11-22,1458.3816749342784
2019-11-25,1465.1732955449056
2019-11-26,1479.3251172251355
2019-11-27,1482.907380884295
2019-11-29,1479.6886440399505
2019-12-02,1466.1961784833163
2019-12-03,1465.0210214117765
2019-12-04,1471.6540922687984
2019-12-05,1472.3167717177728
2019-12-06,1478.7336261884857
2019-12-09,1474.845932662854
2019-12-10,1472.7599973336994
2019-12-11,1475.1347354777217
2019-12-12,1480.4713772513928
2019-12-13,1488.0951071491982
2019-12-16,1495.6639620082306
2019-12-17,1493.4816951610264
2019-12-18,1492.0419729858074
2019-12-19,1502.5956779512185
2019-12-20,1512.4956975820803
2019-12-23,1507.3972291346709
2019-12-24,1508.889713010598
2019-12-26,1512.9440718001588
2019-12-27,1516.498748104805
2019-12-30,1507.3803220799643
2019-12-31,1511.6094184845876
2020-01-02,1518.6410298906503
2020-01-03,1512.1882537765218
2020-01-06,1514.2369102010762
2020-01-07,1505.4130587738453
2020-01-08,1514.6847650400946
2020-01-09,1528.0355801468795
2020-01-10,1527.0826292229742
2020-01-13,1538.9370283849228
2020-01-14,1536.219073802383
2020-01-15,1548.7396769999068
2020-01-16,1562.1514586717176
2020-01-17,1571.58588181503
2020-01-21,1574.7493976462704
2020-01-22,1577.6047642025853
2020-01-23,1578.8939760651315
2020-01-24,1570.7693072439513
2020-01-27,1555.4670807775776
2020-01-28,1567.1926856409689
2020-01-29,1565.6064067379416
2020-01-30,1582.0623311101178
2020-01-31,1555.9215196257612
2020-02-03,1571.4667298619036
2020-02-04,1589.801550038191
2020-02-05,1590.9598326141731
2020-02-06,1597.9274237675281
2020-02-07,1591.8034449833385
2020-02-10,1608.1345855864483
2020-02-11,1606.8037658425308
2020-02-12,1611.2032037473941
2020-02-13,1615.3616640409025
2020-02-14,1626.5148734806482
2020-02-18,1627.6983567070079
2020-02-19,1628.6742267423883
2020-02-20,1622.556667739205
2020-02-21,1609.0162595674658
2020-02-24,1564.8105743514138
2020-02-25,1524.138881469
2020-02-26,1516.6748647368427
2020-02-27,1446.9797571017345
2020-02-28,1431.0440274808125
2020-03-02,1507.5114711017068
2020-03-03,1472.040996986759
2020-03-04,1537.385785031454
2020-03-05,1495.938096561063
2020-03-06,1479.3390438469767
2020-03-09,1390.0533337096372
2020-03-10,1452.2146830914935
2020-03-11,1380.6464552854327
2020-03-12,1256.1128539563697
2020-03-13,1369.76081519079
2020-03-16,1209.3866836459604
2020-03-17,1288.1175004678826
2020-03-18,1229.3215708782827
2020-03-19,1225.7440767505282
2020-03-20,1165.1904502525285
2020-03-23,1116.2546417993663
2020-03-24,1228.9752110809666
2020-03-25,1242.3740409910708
2020-03-26,1320.5148639983918
2020-03-27,1287.7542932428019
2020-03-30,1339.3336651854886
2020-03-31,1303.591661486403
2020-04-01,1249.6692779706493
2020-04-02,1287.5929177660137
2020-04-03,1269.923576793472
2020-04-06,1360.0979698247727
2020-04-07,1345.5934426139095
2020-04-08,1390.6844299053232
2020-04-09,1415.4485730596284
2020-04-13,1391.8001713848125
2020-04-14,1438.680144863243
2020-04-15,1407.4009293492861
2020-04-16,1420.9164132453332
2020-04-17,1459.1869554982384
2020-04-20,1425.7295535970522
2020-04-21,1385.0977481068562
2020-04-22,1424.3627353545683
2020-04-23,1411.7406287998547
2020-04-24,1425.3515501201957
2020-04-27,1442.750644512645
2020-04-28,1430.6129816108291
2020-04-29,1460.1043243468987
2020-04-30,1446.9140581512308
2020-05-01,1420.3622920385442
2020-05-04,1433.6153736986541
2020-05-05,1452.9610253586593
2020-05-06,1444.5105165696657
2020-05-07,1457.9672171062825
2020-05-08,1482.1974927791002
2020-05-11,1488.3865159393883
2020-05-12,1460.6366241366122
2020-05-13,1443.672638965577
2020-05-14,1458.7547357803608
2020-05-15,1465.8124204283708
2020-05-18,1506.094825563749
2020-05-19,1492.9771319920267
2020-05-20,1511.2526936481615
2020-05-21,1495.281637846977
2020-05-22,1506.0855812341274
2020-05-26,1507.6146918565469
2020-05-27,1521.4967276938826
2020-05-28,1532.1428653272117
2020-05-29,1545.4914225002894
2020-06-01,1552.096379496123
2020-06-02,1560.569490257527
2020-06-03,1572.225501086568
2020-06-04,1553.6075587463004
2020-06-05,1586.7259124866168
2020-06-08,1596.1882196599295
2020-06-09,1596.105617142885
2020-06-10,1609.9012526939653
2020-06-11,1524.876374812862
2020-06-12,1542.5618924368116
2020-06-15,1555.0369010071483
2020-06-16,1579.5807759420597
2020-06-17,1581.279754130934
2020-06-18,1583.831051968698
2020-06-19,1572.9443608881088
2020-06-22,1591.2335952204103
2020-06-23,1594.5613416063454
2020-06-24,1559.5846301527713
2020-06-25,1574.4420748052437
2020-06-26,1541.7531953216173
2020-06-29,1561.8788220797317
2020-06-30,1587.4241863902419
2020-07-01,1596.8437217620826
2020-07-02,1602.4066395706789
2020-07-06,1623.0823249696477
2020-07-07,1614.5686881695583
2020-07-08,1633.6455218597293
2020-07-09,1631.7702174262752
2020-07-10,1639.6906701702915
2020-07-13,1614.8306693980305
2020-07-14,1640.7904196495426
2020-07-15,1647.674001684614
2020-07-16,1639.9185569266933
2020-07-17,1653.87358207532
2020-07-20,1674.791535572478
2020-07-21,1669.214636866359
2020-07-22,1688.1946329543068
2020-07-23,1662.4514113361558
2020-07-24,1658.747418674935
2020-07-27,1675.1178237992558
2020-07-28,1665.503522687665
2020-07-29,1688.2665961489513
2020-07-30,1692.4456389011868
2020-07-31,1712.8574662528279
2020-08-03,1731.5152781114639
2020-08-04,1742.7462213666038
2020-08-05,1746.4462752089298
2020-08-06,1761.6626158778547
2020-08-07,1753.692918900436
2020-08-10,1747.8236988196343
2020-08-11,1722.8744564041692
2020-08-12,1759.0309240585257
2020-08-13,1763.244867566984
2020-08-14,1760.8566452724353
2020-08-17,1777.0779833024828
2020-08-18,1780.841282223449
2020-08-19,1774.130970696317
2020-08-20,1786.2102220597953
2020-08-21,1801.6205180416837
2020-08-24,1811.9892820989073
2020-08-25,1816.8978258160191
2020-08-26,1834.8182666703958
2020-08-27,1833.157377174722
2020-08-28,1850.6220969778012
2020-08-31,1853.3167138482129
2020-09-01,1872.493199949387
2020-09-02,1900.5157305738244
2020-09-03,1815.211377719664
2020-09-04,1793.8631337996537
2020-09-08,1738.197842068919
2020-09-09,1786.0026624621175
2020-09-10,1752.2656865691981
2020-09-11,1749.3604693184866
2020-09-14,1780.8341510022942
2020-09-15,1798.9122029917369
2020-09-16,1778.7891422766668
2020-09-17,1764.2543468748277
2020-09-18,1741.5708727638635
2020-09-21,1750.2210728630423
2020-09-22,1781.8161520030958
2020-09-23,1732.7319610839295
2020-09-24,1740.783169037301
2020-09-25,1777.6560495884964
2020-09-28,1804.306025778361
2020-09-29,1805.7658816890155
2020-09-30,1821.2215649720226
2020-10-01,1839.241875347225
2020-10-02,1799.6296236834048
2020-10-05,1841.2603316432808
2020-10-06,1808.786568987395
2020-10-07,1842.544014676432
2020-10-08,1847.614740387164
2020-10-09,1870.9135759411715
2020-10-12,1912.5933375015043
2020-10-13,1914.1211092079795
2020-10-14,1895.8733085137521
2020-10-15,1882.5150902229198
2020-10-16,1879.0751978533626
2020-10-19,1846.7339295879383
2020-10-20,1854.2346166047994
2020-10-21,1849.3115224129847
2020-10-22,1839.2395595942503
2020-10-23,1850.4384836755246
2020-10-26,1825.866769852661
2020-10-27,1836.367138295301
2020-10-28,1772.230749447959
2020-10-29,1796.74800842921
2020-10-30,1752.9769140862172
2020-11-02,1764.40512980596
2020-11-03,1791.6953434986374
2020-11-04,1870.6427336561862
2020-11-05,1913.4818335454747
2020-11-06,1919.9077748272505
2020-11-09,1848.72988822004
2020-11-10,1819.013964938081
2020-11-11,1862.0443651289954
2020-11-12,1851.473698966598
2020-11-13,1861.9267639385973
2020-11-16,1867.6140624466782
2020-11-17,1858.014464199052
2020-11-18,1835.0437084071257
2020-11-19,1846.3859223650163
2020-11-20,1837.2698418601694
2020-11-23,1831.624018637406
2020-11-24,1839.5707724234996
2020-11-25,1853.9451238081776
2020-11-27,1866.3237826638997
2020-11-30,1876.9586271248966
2020-12-01,1897.0866472841597
2020-12-02,1890.998321110169
2020-12-03,1881.8860462573275
2020-12-04,1890.4184835467986
2020-12-07,1897.7537706021299
2020-12-08,1899.5630219736477
2020-12-09,1869.826782580102
2020-12-10,1873.5369328060217
2020-12-11,1870.9961106455205
2020-12-14,1882.0526458666045
2020-12-15,1901.5453680655785
2020-12-16,1914.3295146144467
2020-12-17,1928.7532962041817
2020-12-18,1926.555981917525
2020-12-21,1922.7011409937086
2020-12-22,1927.7714325743416
2020-12-23,1913.5648952308247
2020-12-24,1920.1100925077053
2020-12-28,1936.089336161123
2020-12-29,1934.8542367941202
2020-12-30,1930.9601967867586
2020-12-31,1939.702910978743
2021-01-04,1911.893847487462
2021-01-05,1926.905594610362
2021-01-06,1897.7985781918967
2021-01-07,1937.3453629849275
2021-01-08,1952.2436092951311
2021-01-11,1940.3752548035134
2021-01-12,1928.7160196233003
2021-01-13,1940.7333370360125
2021-01-14,1924.665976491743
2021-01-15,1919.3193690921767
2021-01-19,1942.2781365066392
2021-01-20,1985.5756658954201
2021-01-21,2000.3213143431444
2021-01-22,2002.7179531103009
2021-01-25,2016.4990088502454
2021-01-26,2014.3375020073934
2021-01-27,1953.7319568062487
2021-01-28,1967.6112430424207
2021-01-29,1937.0048262856894
2021-02-01,1972.8324369857457
2021-02-02,1996.2425813751547
2021-02-03,1983.0471115172754
2021-02-04,1998.619193749046
2021-02-05,2003.553529047606
2021-02-08,2019.4395194047868
2021-02-09,2018.0536627643748
2021-02-10,2020.3529534978525
2021-02-11,2027.922193728965
2021-02-12,2038.7346249556322
2021-02-16,2031.304985570368
2021-02-17,2024.768102698998
2021-02-18,2013.739791690737
2021-02-19,1995.8407762427373
2021-02-22,1953.3333767910374
2021-02-23,1945.6667975241758
2021-02-24,1952.231912398468
2021-02-25,1895.4523497263924
2021-02-26,1905.7846231952142
2021-03-01,1949.7220518034317
2021-03-02,1922.9317914858643
2021-03-03,1868.5153767262711
2021-03-04,1835.5519386213955
2021-03-05,1862.5316651873986
2021-03-08,1819.8259399504645
2021-03-09,1879.2502356315733
2021-03-10,1876.1770179477114
2021-03-11,1915.4337851044913
2021-03-12,1905.7822000301646
2021-03-15,1923.4753297114798
2021-03-16,1934.6303441834627
2021-03-17,1932.6405005086517
2021-03-18,1887.0132983045623
2021-03-19,1903.6568312800134
2021-03-22,1935.0458965741536
2021-03-23,1919.9647657048836
2021-03-24,1884.5630276977206
2021-03-25,1885.0167913654902
2021-03-26,1919.0312823651232
2021-03-29,1911.2188643298202
2021-03-30,1908.802098234811
2021-03-31,1943.4234903994939
2021-04-01,1971.9308911741286
2021-04-05,2008.3295628249323
2021-04-06,2007.3400187737948
2021-04-07,2007.451747254503
2021-04-08,2030.6701982965228
2021-04-09,2046.7742971805708
2021-04-12,2055.744963314276
2021-04-13,2089.555620928293
2021-04-14,2058.7875852489797
2021-04-15,2095.503229245311
2021-04-16,2096.115112466511
2021-04-19,2071.996796660864
2021-04-20,2052.8753657216425
2021-04-21,2076.0399781913675
2021-04-22,2048.8134115786825
2021-04-23,2078.9476512968486
2021-04-26,2096.142387058429
2021-04-27,2085.102727443313
2021-04-28,2071.327041091154
2021-04-29,2063.754671275609
2021-04-30,2051.645656604483
2021-05-03,2040.6096347590942
2021-05-04,2007.4835208222257
2021-05-05,2009.4533951547307
2021-05-06,2024.1040753928432
2021-05-07,2043.1885208926567
2021-05-10,1990.4955285741016
2021-05-11,1988.2005967243863
2021-05-12,1929.6491158228478
2021-05-13,1943.057395681934
2021-05-14,1981.586626417265
2021-05-17,1970.8455088841047
2021-05-18,1956.320086995999
2021-05-19,1955.2916764902445
2021-05-20,1991.7538304327597
2021-05-21,1983.4210887630745
2021-05-24,2015.5212096961686
2021-05-25,2017.7620718128285
2021-05-26,2025.4895463568068
2021-05-27,2026.3467839244324
2021-05-28,2031.9849033570426
2021-06-01,2019.5320482865463
2021-06-02,2020.7183424994616
2021-06-03,2001.1461339325506
2021-06-04,2033.1638288172323
2021-06-07,2035.680726993601
2021-06-08,2037.3811409377665
2021-06-09,2033.971359352585
2021-06-10,2054.758362578103
2021-06-11,2061.784897718101
2021-06-14,2078.819265965133
2021-06-15,2062.8843633398046
2021-06-16,2059.684186975969
2021-06-17,2087.1324706271257
2021-06-18,2076.1451977900156
2021-06-21,2090.2224327460112
2021-06-22,2112.3452334412136
2021-06-23,2123.6309157712003
2021-06-24,2141.939365598274
2021-06-25,2137.058301150371
2021-06-28,2169.728172951073
2021-06-29,2179.950468615267
2021-06-30,2177.9008845006365
2021-07-01,2179.6157433961894
2021-07-02,2202.191899130313
2021-07-06,2211.8602699702997
2021-07-07,2214.5212476935603
2021-07-08,2201.191449807425
2021-07-09,2219.59186944883
2021-07-12,2235.343760147742
2021-07-13,2225.8078606350014
2021-07-14,2222.0134420676964
2021-07-15,2203.3505824466447
2021-07-16,2180.7967447848764
2021-07-19,2170.3032787370807
2021-07-20,2196.2531726701886
2021-07-21,2212.4998961325914
2021-07-22,2226.73320891325
2021-07-23,2247.2283698747815
2021-07-26,2247.171842541053
2021-07-27,2220.8978377618873
2021-07-28,2229.4894933854566
2021-07-29,2245.3686441375844
2021-07-30,2230.5451306042223
2021-08-02,2234.1443038348366
2021-08-03,2253.474632851138
2021-08-04,2258.3068667165444
2021-08-05,2269.1912193834537
2021-08-06,2257.7383071940635
2021-08-09,2258.6099282703376
2021-08-10,2248.205553919843
2021-08-11,2247.2167893765973
2021-08-12,2258.7344658387688
2021-08-13,2265.9574760583273
2021-08-16,2266.983452289726
2021-08-17,2239.4301425380118
2021-08-18,2220.0162736974967
2021-08-19,2232.083605234065
2021-08-20,2258.6364727414802
2021-08-23,2290.646898436584
2021-08-24,2293.217869369848
2021-08-25,2297.54490438799
2021-08-26,2284.8044210490516
2021-08-27,2307.764040600443
2021-08-30,2337.711716935671
2021-08-31,2331.7985751661636
2021-09-01,2332.6297793302
2021-09-02,2338.537308509429
2021-09-03,2347.9812376373698
2021-09-07,2347.7974458550243
2021-09-08,2338.8489913396425
2021-09-09,2322.6392974219607
2021-09-10,2310.906938179654
2021-09-13,2301.7453521156904
2021-09-14,2298.277459928146
2021-09-15,2316.636343501814
2021-09-16,2317.8787832944226
2021-09-17,2298.6032554892795
2021-09-20,2256.0452643922927
2021-09-21,2254.706286119109
2021-09-22,2287.183410660031
2021-09-23,2328.6928786114577
2021-09-24,2322.6167026995568
2021-09-27,2319.182097129523
2021-09-28,2264.0566974882713
2021-09-29,2254.8610038670527
2021-09-30,2219.96883831651
2021-10-01,2246.1868883244965
2021-10-04,2217.3914820542022
2021-10-05,2247.9414415126616
2021-10-06,2243.3623153673475
2021-10-07,2270.861439425365
2021-10-08,2268.932863876548
2021-10-11,2251.241984274843
2021-10-12,2248.4353833234095
2021-10-13,2257.26442597354
2021-10-14,2299.121320501604
2021-10-15,2317.3401377540317
2021-10-18,2335.249268745104
2021-10-19,2345.231495827627
2021-10-20,2349.58796442408
2021-10-21,2355.0999200675474
2021-10-22,2352.7311579433494
2021-10-25,2364.4359478771175
2021-10-26,2362.11787449554
2021-10-27,2354.0123002640253
2021-10-28,2380.7209561153263
2021-10-29,2383.103005869153
2021-11-01,2379.242149325209
2021-11-02,2397.6122266698267
2021-11-03,2403.172529864468
2021-11-04,2397.987778889115
2021-11-05,2398.987006660856
2021-11-08,2409.0667226356495
2021-11-09,2405.5920162031734
2021-11-10,2376.51099435813
2021-11-11,2385.3477376624523
2021-11-12,2410.4115274245364
2021-11-15,2408.3873565832864
2021-11-16,2412.9200975890662
2021-11-17,2398.5286102729137
2021-11-18,2402.9904984818318
2021-11-19,2395.37276165953
2021-11-22,2397.4330987924336
2021-11-23,2403.434099256567
2021-11-24,2405.0473208633075
2021-11-26,2350.1262658059113
2021-11-29,2383.9300938953397
2021-11-30,2318.4537333950025
2021-12-01,2288.4756739197464
2021-12-02,2339.2649039615844
2021-12-03,2317.0172234712813
2021-12-06,2332.0927328346734
2021-12-07,2390.0915298567215
2021-12-08,2389.3637012498534
2021-12-09,2372.7235794635944
2021-12-10,2391.439856049727
2021-12-13,2359.343686261483
2021-12-14,2346.820833209609
2021-12-15,2371.6831045416247
2021-12-16,2362.7662971647796
2021-12-17,2324.555785805352
2021-12-20,2282.0559805681623
2021-12-21,2330.14592443999
2021-12-22,2348.87799367334
2021-12-23,2363.651105308009
2021-12-27,2392.052578118921
2021-12-28,2384.485224930527
2021-12-29,2389.6425287242173
2021-12-30,2385.051097058182
2021-12-31,2381.7054391659644
2022-01-03,2383.3052625897467
2022-01-04,2415.700262799808
2022-01-05,2355.9243473530596
2022-01-06,2368.944712276954
2022-01-07,2360.474633047248
2022-01-10,2357.3308063140867
2022-01-11,2375.840457213471
2022-01-12,2385.1338548794033
2022-01-13,2360.7978414979857
2022-01-14,2352.752597709876
2022-01-18,2294.139834403479
2022-01-19,2259.1907913139576
2022-01-20,2230.4329604471654
2022-01-21,2185.6124175973755
2022-01-24,2196.6322436006676
2022-01-25,2167.549113151471
2022-01-26,2164.593717266496
2022-01-27,2150.455932226277
2022-01-28,2190.65830017922
2022-01-31,2229.279761224909
2022-02-01,2257.6150221115054
2022-02-02,2300.795640437303
2022-02-03,2249.489127879568
2022-02-04,2252.8759821161907
2022-02-07,2243.829613366041
2022-02-08,2266.746822528945
2022-02-09,2311.699715166685
2022-02-10,2275.6254689889365
2022-02-11,2223.9922302734935
2022-02-14,2207.9204778536455
2022-02-15,2245.028664983906
2022-02-16,2253.4186819963347
2022-02-17,2187.787321258778
2022-02-18,2169.9445839068585
2022-02-22,2146.1415943544844
2022-02-23,2103.564218885482
2022-02-24,2139.7624590217247
2022-02-25,2194.245345462528
2022-02-28,2185.77026555288
2022-03-01,2136.0613072927144
2022-03-02,2183.674939066254
2022-03-03,2172.227842310566
2022-03-04,2133.8355522987977
2022-03-07,2043.9383366534062
2022-03-08,2044.7000928122034
2022-03-09,2121.69086343332
2022-03-10,2112.8548090108584
2022-03-11,2088.7130164121504
2022-03-14,2070.223644404149
2022-03-15,2106.7286206239223
2022-03-16,2172.4112311414156
2022-03-17,2199.8202123657434
2022-03-18,2226.5301612640415
2022-03-21,2240.4205642063816
2022-03-22,2256.5132323193293
2022-03-23,2235.887969803983
2022-03-24,2270.444134680885
2022-03-25,2289.338342850715
2022-03-28,2287.564776209724
2022-03-29,2298.761016338004
2022-03-30,2292.429075202217
2022-03-31,2256.1806066206623
2022-04-01,2264.381253399672
2022-04-04,2267.7492264904026
2022-04-05,2247.79117229739
2022-04-06,2245.9910694893074
2022-04-07,2261.5637683797363
2022-04-08,2269.7327557447284
2022-04-11,2226.450854405043
2022-04-12,2221.230592857457
2022-04-13,2236.755099120802
2022-04-14,2218.285037452432
2022-04-18,2222.896779733307
2022-04-19,2243.7467042356875
2022-04-20,2255.1960712514474
2022-04-21,2214.275722558124
2022-04-22,2146.756821895587
2022-04-25,2150.533912847948
2022-04-26,2110.2561882490613
2022-04-27,2104.9191488096794
2022-04-28,2150.145052619614
2022-04-29,2073.7817655299664
2022-05-02,2077.487211343311
2022-05-03,2095.041285615799
2022-05-04,2156.9696757310357
2022-05-05,2094.0913620916995
2022-05-06,2096.8982942756816
2022-05-09,2021.0810797507208
2022-05-10,2027.3924735433238
2022-05-11,2016.8001803044278
2022-05-12,2010.3759974982681
2022-05-13,2054.919693309071
2022-05-16,2056.617980496109
2022-05-17,2087.6672369574817
2022-05-18,2002.9416820321176
2022-05-19,1991.0782145732812
2022-05-20,1990.3514489591562
2022-05-23,2032.6179786890466
2022-05-24,2022.9099935030551
2022-05-25,2042.837923788756
2022-05-26,2078.923180559649
2022-05-27,2121.5432010362183
2022-05-31,2102.8138466973464
2022-06-01,2092.7756146750853
2022-06-02,2124.3587699496993
2022-06-03,2103.079117897987
2022-06-06,2109.500866512116
2022-06-07,2136.443063211215
2022-06-08,2116.209545991433
2022-06-09,2070.219052946192
2022-06-10,2020.7436580000074
2022-06-13,1942.2912666667264
2022-06-14,1933.5211412959536
2022-06-15,1947.9646555201898
2022-06-16,1888.8961988900885
2022-06-17,1871.7650726084066
2022-06-21,1934.1072563824648
2022-06-22,1924.5611121818433
2022-06-23,1925.0220499375248
2022-06-24,1980.7381412177383
2022-06-27,1983.0325873974164
2022-06-28,1962.275438852477
2022-06-29,1949.2592568340797
2022-06-30,1931.6257049572182
2022-07-01,1948.1110986383203
2022-07-05,1936.3058650498238
2022-07-06,1939.2774031814604
2022-07-07,1971.8666482105098
2022-07-08,1974.508092466637
2022-07-11,1952.8411608554297
2022-07-12,1933.8452659050365
2022-07-13,1918.5996452107693
2022-07-14,1904.0353671787368
2022-07-15,1944.620305891272
2022-07-18,1932.0934384061354
2022-07-19,1988.5562225142207
2022-07-20,1990.2107105738137
2022-07-21,1997.950984768191
2022-07-22,1977.9914928453998
2022-07-25,1996.317490989666
2022-07-26,1978.0446836604401
2022-07-27,2027.4611459631635
2022-07-28,2053.0052078755075
2022-07-29,2081.4339393097757
2022-08-01,2067.6257323384716
2022-08-02,2055.989310891113
2022-08-03,2071.4576415160614
2022-08-04,2055.2646434120893
2022-08-05,2063.1722208802935
2022-08-08,2059.5287486454463
2022-08-09,2063.6678790843657
2022-08-10,2096.381031707667
2022-08-11,2107.96974431022
2022-08-12,2144.763637225422
2022-08-15,2146.479200351946
2022-08-16,2150.621510486619
2022-08-17,2138.43412894679
2022-08-18,2152.6468656947645
2022-08-19,2128.5627253879366
2022-08-22,2092.7148125316494
2022-08-23,2095.8598095461825
2022-08-24,2104.194068213936
2022-08-25,2133.4703137517236
2022-08-26,2068.536885455644
2022-08-29,2063.1462830618148
2022-08-30,2036.991087750541
2022-08-31,2017.2158854388028
2022-09-01,2018.4624814988736
2022-09-02,2003.6971036707068
2022-09-06,1995.7518430981759
2022-09-07,2023.0450774891779
2022-09-08,2037.9983885762142
2022-09-09,2065.806500104859
2022-09-12,2083.4922230110674
2022-09-13,2003.5902680533586
2022-09-14,2011.879102486815
2022-09-15,1995.2646097047411
2022-09-16,1984.1118920791257
2022-09-19,1989.5439994936835
2022-09-20,1975.2147119476933
2022-09-21,1947.963238040047
2022-09-22,1950.788848044808
2022-09-23,1897.693665269747
2022-09-26,1870.5994369764287
2022-09-27,1872.9489903577792
2022-09-28,1921.8417219349121
2022-09-29,1900.7971962093577
2022-09-30,1877.5710128376757
2022-10-03,1937.59926406653
2022-10-04,1987.7085366963108
2022-10-05,1994.207394402782
2022-10-06,1987.2480343932666
2022-10-07,1955.7257194955992
2022-10-10,1942.124489527075
2022-10-11,1942.221431230515
2022-10-12,1936.1482644263094
2022-10-13,1993.8288766509002
2022-10-14,1950.8784111798525
2022-10-17,1979.8988301505974
2022-10-18,2000.18553882187
2022-10-19,2006.1997045358266
2022-10-20,1998.150016205258
2022-10-21,2047.7606965780956
2022-10-24,2075.472802003416
2022-10-25,2082.492009019009
2022-10-26,2100.2854434884794
2022-10-27,2104.4879422549784
2022-10-28,2138.7707546513466
2022-10-31,2135.4556728831726
2022-11-01,2137.5974527073263
2022-11-02,2103.2212114716
2022-11-03,2117.2135607969194
2022-11-04,2124.4708056040627
2022-11-07,2143.8968684364545
2022-11-08,2156.808922726962
2022-11-09,2104.11387791253
2022-11-10,2150.2877639676276
2022-11-11,2142.6370135123057
2022-11-14,2141.306761423324
2022-11-15,2148.0941660106055
2022-11-16,2137.4558349544104
2022-11-17,2145.2420725170214
2022-11-18,2158.2066208475458
2022-11-21,2153.9867899785845
2022-11-22,2189.715502755153
2022-11-23,2186.640608550011
2022-11-25,2194.0418760791367
2022-11-28,2163.7712295468523
2022-11-29,2169.7053490640187
2022-11-30,2204.8615919147874
2022-12-01,2192.5478588810497
2022-12-02,2193.4931294604207
2022-12-05,2159.191908987907
2022-12-06,2134.457012906901
2022-12-07,2138.484575409786
2022-12-08,2144.7511515469173
2022-12-09,2114.5669222509828
2022-12-12,2147.9232405979606
2022-12-13,2149.6824077974193
2022-12-14,2145.4510394273116
2022-12-15,2114.5733733884535
2022-12-16,2093.1594369064924
2022-12-19,2091.055176012659
2022-12-20,2099.4144419408526
2022-12-21,2129.956000004388
2022-12-22,2107.221196489213
2022-12-23,2136.0950413508817
2022-12-27,2143.09649715817
2022-12-28,2117.547447164405
2022-12-29,2131.288436726752
2022-12-30,2131.2726935353235
2023-01-03,2098.304709817168
2023-01-04,2095.480575664245
2023-01-05,2091.7400186932905
2023-01-06,2128.2271119022753
2023-01-09,2105.1185756087684
2023-01-10,2108.431839434293
2023-01-11,2122.186050097831
2023-01-12,2128.4519103397038
2023-01-13,2130.0848077812757
2023-01-17,2123.443151328596
2023-01-18,2084.193608214279
2023-01-19,2087.889287175939
2023-01-20,2106.6770207786203
2023-01-23,2107.223227917745
2023-01-24,2109.6515422368784
2023-01-25,2113.0788664003876
2023-01-26,2138.6066362988063
2023-01-27,2113.92261787789
2023-01-30,2095.0317285267442
2023-01-31,2121.2917475556033
2023-02-01,2106.4944861496874
2023-02-02,2071.7141468209707
2023-02-03,2062.7834957947903
2023-02-06,2064.294867741726
2023-02-07,2090.18457942558
2023-02-08,2077.5751912790156
2023-02-09,2072.1749038218977
2023-02-10,2115.374402725401
2023-02-13,2122.8602505792296
2023-02-14,2114.506800672215
2023-02-15,2100.630151568702
2023-02-16,2081.9790308425427
2023-02-17,2072.1816456674046
2023-02-21,2056.266864233893
2023-02-22,2049.2077575774497
2023-02-23,2059.0998456185885
2023-02-24,2049.5274822108368
2023-02-27,2048.9859357101795
2023-02-28,2026.464252288135
2023-03-01,2032.6254117906649
2023-03-02,2047.08567904105
2023-03-03,2064.119104555823
2023-03-06,2073.483218196787
2023-03-07,2043.4381006767308
2023-03-08,2033.275680746371
2023-03-09,2008.1391615895218
2023-03-10,1990.2473035036296
2023-03-13,1985.0499214956706
2023-03-14,2001.6839296158048
2023-03-15,1966.9705807344578
2023-03-16,1983.8371247624818
2023-03-17,1957.6053325858586
2023-03-20,1992.107528413259
2023-03-21,2018.90311555462
2023-03-22,1985.5940780418655
2023-03-23,1975.4473402464398
2023-03-24,1991.9751775297996
2023-03-27,2012.5030660461994
2023-03-28,2023.1150638765098
2023-03-29,2039.3099845721267
2023-03-30,2047.561284145618
2023-03-31,2064.027577856142
2023-04-03,2108.6402681810177
2023-04-04,2086.0664561446893
2023-04-05,2111.332087911351
2023-04-06,2106.9897761499165
2023-04-10,2114.647264855031
2023-04-11,2122.94491055426
2023-04-12,2127.674663223194
2023-04-13,2142.6534021127054
2023-04-14,2136.322317646042
2023-04-17,2132.5611363638577
2023-04-18,2135.9906605765464
2023-04-19,2127.9192097874297
2023-04-20,2126.574466140671
2023-04-21,2127.370857039869
2023-04-24,2141.7148709670073
2023-04-25,2124.8661757143063
2023-04-26,2089.2956745255487
2023-04-27,2110.3858274435256
2023-04-28,2124.8037549333767
2023-05-01,2127.0305466334503
2023-05-02,2089.8471483877383
2023-05-03,2078.4418788092526
2023-05-04,2059.9364929433227
2023-05-05,2094.3731732977467
2023-05-08,2097.5558292732367
2023-05-09,2094.416931163817
2023-05-10,2092.239658865601
2023-05-11,2080.991587552609
2023-05-12,2084.048402351825
2023-05-15,2085.4759101383193
2023-05-16,2056.6995267186085
2023-05-17,2073.3532607835064
2023-05-18,2074.26071044058
2023-05-19,2084.220642617313
2023-05-22,2072.4761560035645
2023-05-23,2059.7186882872206
2023-05-24,2055.3917758697676
2023-05-25,2036.0911009839497
2023-05-26,2028.6069972718171
2023-05-30,2017.966019327252
2023-05-31,2008.4741849915035
2023-06-01,2023.5845415809476
2023-06-02,2063.836335197545
2023-06-05,2064.840918137446
2023-06-06,2060.9822195683887
2023-06-07,2073.8778747086526
2023-06-08,2085.4471275762503
2023-06-09,2083.6329015703946
2023-06-12,2081.1256537248637
2023-06-13,2093.076242731873
2023-06-14,2073.0098482610133
2023-06-15,2098.9252620763573
2023-06-16,2096.0607624490235
2023-06-20,2078.2499440871293
2023-06-21,2090.989988693354
2023-06-22,2090.9514331429655
2023-06-23,2080.1960437173902
2023-06-26,2086.0762953946078
2023-06-27,2094.0993665378887
2023-06-28,2089.9348041917156
2023-06-29,2108.6794755765636
2023-06-30,2129.2935989088833
2023-07-03,2127.1311243593104
2023-07-05,2121.7144523343677
2023-07-06,2095.1373958860972
2023-07-07,2091.6564928969183
2023-07-10,2105.1867010355277
2023-07-11,2119.5220220325664
2023-07-12,2119.957956813491
2023-07-13,2110.4895186963217
2023-07-14,2105.15798116049
2023-07-17,2108.505733694863
2023-07-18,2118.8133843658666
2023-07-19,2125.7933518190866
2023-07-20,2153.110441700405
2023-07-21,2162.5505557498986
2023-07-24,2168.3584760465865
2023-07-25,2168.724492522255
2023-07-26,2162.300817016837
2023-07-27,2151.427574807337
2023-07-28,2156.3389686214077
2023-07-31,2168.270720917717
2023-08-01,2164.601832333055
2023-08-02,2159.1000421816993
2023-08-03,2158.4302727627532
2023-08-04,2150.702860649202
2023-08-07,2170.311590041499
2023-08-08,2196.430540613674
2023-08-09,2208.064267725704
2023-08-10,2206.929974328601
2023-08-11,2228.9591720390213
2023-08-14,2234.6003418371106
2023-08-15,2211.7036098206345
2023-08-16,2203.080880189707
2023-08-17,2196.1009276336704
2023-08-18,2209.467527757694
2023-08-21,2209.2197469729863
2023-08-22,2197.0397457150148
2023-08-23,2205.7844153229607
2023-08-24,2188.9765249057355
2023-08-25,2203.543221627281
2023-08-28,2210.4628673043603
2023-08-29,2222.519610589287
2023-08-30,2225.9672060437374
2023-08-31,2217.58515500741
2023-09-01,2239.5778389014586
2023-09-05,2227.2794811154304
2023-09-06,2222.5426925132415
2023-09-07,2236.7776165181813
2023-09-08,2252.9509212618887
2023-09-11,2252.153916954425
2023-09-12,2267.8734659942675
2023-09-13,2259.092356136767
2023-09-14,2279.79378867338
2023-09-15,2253.050747728515
2023-09-18,2255.679973889813
2023-09-19,2251.8205041344636
2023-09-20,2229.1640652101455
2023-09-21,2188.36932228169
2023-09-22,2194.1583724308935
2023-09-25,2205.1895199226697
2023-09-26,2179.08465784952
2023-09-27,2186.6807122940963
2023-09-28,2207.560359345227
2023-09-29,2189.6194512835
2023-10-02,2191.6741924974936
2023-10-03,2157.816878478268
2023-10-04,2176.9397236675586
2023-10-05,2177.531790111688
2023-10-06,2216.4608970696854
2023-10-09,2226.2466311853796
2023-10-10,2243.488424924828
2023-10-11,2262.4021571321605
2023-10-12,2252.332220595302
2023-10-13,2228.295240533194
2023-10-16,2253.7513434767675
2023-10-17,2248.508183868909
2023-10-18,2210.003444647022
2023-10-19,2192.507055249604
2023-10-20,2163.8382219811238
2023-10-23,2175.1267589673344
2023-10-24,2195.6644007350937
2023-10-25,2154.5017080674047
2023-10-26,2128.0559258509998
2023-10-27,2120.468267130201
2023-10-30,2143.6177444755504
2023-10-31,2146.850675508807
2023-11-01,2180.4055005735368
2023-11-02,2219.6345180919225
2023-11-03,2243.489062402621
2023-11-06,2257.1989635387886
2023-11-07,2259.474534778495
2023-11-08,2273.6571867110897
2023-11-09,2262.440812491841
2023-11-10,2308.8761668797924
2023-11-13,2317.8557126501714
2023-11-14,2358.0800198604743
2023-11-15,2345.2060099650103
2023-11-16,2345.398021497353
2023-11-17,2357.2029564807935
2023-11-20,2381.4594435478043
2023-11-21,2372.487886154611
2023-11-22,2372.7444227290034
2023-11-24,2372.8306779202508
2023-11-27,2363.148295124721
2023-11-28,2355.6118840274653
2023-11-29,2353.197672878322
2023-11-30,2355.0936448854536
2023-12-01,2365.793903543714
2023-12-04,2350.8162892857595
2023-12-05,2344.977152582037
2023-12-06,2332.1603589640436
2023-12-07,2351.355042778023
2023-12-08,2376.1517118935367
2023-12-11,2396.2899234257984
2023-12-12,2416.840504374391
2023-12-13,2445.707178943443
2023-12-14,2452.2874481050126
2023-12-15,2459.74944864732
2023-12-18,2481.903465460949
2023-12-19,2500.864756383997
2023-12-20,2459.931071659311
2023-12-21,2491.154396254642
2023-12-22,2492.945863553887
2023-12-26,2507.6141157269217
2023-12-27,2515.0424038282326
2023-12-28,2515.559002141285
2023-12-29,2510.1653744843834
2024-01-02,2485.858672152803
2024-01-03,2467.898784261617
2024-01-04,2472.569445214144
2024-01-05,2485.253939268867
2024-01-08,2523.6727453252615
2024-01-09,2524.4790687591935
2024-01-10,2549.128035063886
2024-01-11,2560.3488807337035
2024-01-12,2564.140775965531
2024-01-16,2554.513494594941
2024-01-17,2541.5463217432293
2024-01-18,2576.4851220185647
2024-01-19,2618.959034364609
2024-01-22,2624.9008838303475
2024-01-23,2626.6767751538705
2024-01-24,2647.5384116400023
2024-01-25,2664.0137926113057
2024-01-26,2659.568915816482
2024-01-29,2683.831666101327
2024-01-30,2687.307752596678
2024-01-31,2656.93745522304
2024-02-01,2701.0654870967956
2024-02-02,2782.8057909142126
2024-02-05,2793.924563185225
2024-02-06,2785.0568891452235
2024-02-07,2825.6423484810343
2024-02-08,2829.3297460608355
2024-02-09,2846.1262485975003
2024-02-12,2843.968434494839
2024-02-13,2817.6949363160547
2024-02-14,2860.1694335494713
2024-02-15,2879.536536934953
2024-02-16,2868.8680494744426
2024-02-20,2837.8257553494486
2024-02-21,2822.9497488114603
2024-02-22,2932.1334478000385
2024-02-23,2933.031794482044
2024-02-26,2938.3475207347856
2024-02-27,2943.4425906732486
2024-02-28,2938.4969406796267
2024-02-29,2953.330625208951
2024-03-01,3015.5147539236254
2024-03-04,3029.5640590914313
2024-03-05,3000.4325962291546
2024-03-06,3029.794201732996
2024-03-07,3084.4226444171063
2024-03-08,3027.903539235512
2024-03-11,2990.992101849286
2024-03-12,3054.4631750467597
2024-03-13,3044.7931867875327
2024-03-14,3020.5853191413325
2024-03-15,3010.514498959272
2024-03-18,3033.4655784345036
2024-03-19,3053.569683147547
2024-03-20,3088.8586274688155
2024-03-21,3099.8942550949055
2024-03-22,3106.7375385148825
2024-03-25,3092.9711130094165
2024-03-26,3075.191704344811
2024-03-27,3081.878798658895
2024-03-28,3076.2190262595054
2024-04-01,3075.8177937584433
2024-04-02,3058.5782465586362
2024-04-03,3075.7536221072337
2024-04-04,3031.417516301418
2024-04-05,3088.6631012309463
2024-04-08,3073.8599404508695
2024-04-09,3063.1819123289133
2024-04-10,3051.920492538026
2024-04-11,3096.7746401914505
2024-04-12,3045.941959541851
2024-04-15,2994.548333528313
2024-04-16,2999.1667659937866
2024-04-17,2961.349853242538
2024-04-18,2948.02554147075
2024-04-19,2872.987054964555
2024-04-22,2904.8289526778008
2024-04-23,2958.036084807502
2024-04-24,2945.820697510721
2024-04-25,2918.7855818297135
2024-04-26,2959.793109531217
2024-04-29,2960.6534101459615
2024-04-30,2916.441073210488
2024-05-01,2901.118020924619
2024-05-02,2932.8233970987503
2024-05-03,2989.6136150709003
2024-05-06,3041.2363045638344
2024-05-07,3040.8616537022012
2024-05-08,3044.6410828754897
2024-05-09,3050.1109574187144
2024-05-10,3056.2506679093453
2024-05-13,3049.031164081217
2024-05-14,3067.59828654819
2024-05-15,3124.314047497673
2024-05-16,3106.339794335108
2024-05-17,3102.475881379018
2024-05-20,3118.6759694406906
2024-05-21,3127.34590814137
2024-05-22,3123.7476857900506
2024-05-23,3129.7541223318435
2024-05-24,3162.548802288061
2024-05-28,3183.106258225826
2024-05-29,3168.619361457284
2024-05-30,3120.8401171927676
2024-05-31,3124.3398652546903
2024-06-03,3146.471766422398
2024-06-04,3154.3877545788027
2024-06-05,3223.812909743135
2024-06-06,3220.2540406709195
2024-06-07,3226.317019082074
2024-06-10,3244.8316371156766
2024-06-11,3268.901529631673
2024-06-12,3312.126741436665
2024-06-13,3343.155046811467
2024-06-14,3359.3186990221684
2024-06-17,3394.4236767428515
2024-06-18,3404.1726717257484
2024-06-20,3379.4106658950836
2024-06-21,3356.3620423950188
2024-06-24,3316.0526774098134
2024-06-25,3358.918310309995
2024-06-26,3373.724289512558
2024-06-27,3382.776979940947
2024-06-28,3362.3293156349696
2024-07-01,3385.285099701798
2024-07-02,3405.0805894973464
2024-07-03,3433.951875475226
2024-07-05,3467.974809691477
2024-07-08,3477.708729911809
2024-07-09,3484.759047610467
2024-07-10,3522.5498292627776
2024-07-11,3451.154434180299
2024-07-12,3463.719336409797
2024-07-15,3472.550450542353
2024-07-16,3471.5436931132303
2024-07-17,3355.126884628953
2024-07-18,3339.3326845756474
2024-07-19,3319.8492096473806
2024-07-22,3372.9440827730837
2024-07-23,3382.3277602948588
2024-07-24,3259.8681171905155
2024-07-25,3224.5614921148485
2024-07-26,3258.1571357028997
2024-07-29,3251.825699455533
2024-07-30,3205.822434514292
2024-07-31,3307.8288203525954
2024-08-01,3248.509794788761
2024-08-02,3165.9147117197635
2024-08-05,3065.5028081072683
2024-08-06,3116.6744898200095
2024-08-07,3078.939205093493
2024-08-08,3185.359415336034
2024-08-09,3217.389062974329
2024-08-12,3230.736360376317
2024-08-13,3306.837279683692
2024-08-14,3328.8354874013326
2024-08-15,3402.638640068395
2024-08-16,3400.3457661672255
2024-08-19,3441.563222747638
2024-08-20,3438.0985143600415
2024-08-21,3457.5216561008074
2024-08-22,3412.0349059313216
2024-08-23,3448.942148642551
2024-08-26,3418.158911633983
2024-08-27,3432.407003543521
2024-08-28,3401.6897003430654
2024-08-29,3387.9324289633264
2024-08-30,3433.920271901609
2024-09-03,3324.8737611531424
2024-09-04,3314.4163887421964
2024-09-05,3304.671011334565
2024-09-06,3225.6073408386937
2024-09-09,3273.5625063533917
2024-09-10,3297.921253694855
2024-09-11,3376.4262810058663
2024-09-12,3416.9205275861946
2024-09-13,3426.6410288220495
2024-09-16,3414.7943021936962
2024-09-17,3410.551749792914
2024-09-18,3398.1931416852267
2024-09-19,3483.9411753687614
2024-09-20,3483.6537559505423
2024-09-23,3500.1256268655347
2024-09-24,3507.7861750514558
2024-09-25,3512.17517273868
2024-09-26,3505.761547616269
2024-09-27,3479.0914474198466
2024-09-30,3491.74497695914
2024-10-01,3466.317914199385
2024-10-02,3477.7778776789346
2024-10-03,3479.0342243891137
2024-10-04,3531.390231275466
2024-10-07,3502.8861693628787
2024-10-08,3547.4252467482524
2024-10-09,3577.9342820390316
2024-10-10,3568.6599812599093
2024-10-11,3605.9330656141333
2024-10-14,3625.2659850949944
2024-10-15,3587.3941468619173
2024-10-16,3608.856290495223
2024-10-17,3620.569811356918
2024-10-18,3624.8187308138145
2024-10-21,3624.1934794398735
2024-10-22,3614.700804696361
2024-10-23,3580.3861440945902
2024-10-24,3577.866699543322
2024-10-25,3569.585513158672
2024-10-28,3580.350051273565
2024-10-29,3594.5607785457205
2024-10-30,3570.0096068967687
2024-10-31,3498.9890866527667
2024-11-01,3521.3725335358163
2024-11-04,3502.5440623301965
2024-11-05,3560.5577608176136
2024-11-06,3674.149400639816
2024-11-07,3698.313799588956
2024-11-08,3730.582982197471
2024-11-11,3723.1427603873335
2024-11-12,3716.762739736233
2024-11-13,3717.3021739263754
2024-11-14,3677.576119772603
2024-11-15,3615.8901872665665
2024-11-18,3617.1814206937943
2024-11-19,3643.940951613807
2024-11-20,3648.469788321745
2024-11-21,3677.99953168215
2024-11-22,3682.28210819971
2024-11-25,3679.1396306248694
2024-11-26,3724.2969773842187
2024-11-27,3701.0249717624097
2024-11-29,3729.050930203666
2024-12-02,3728.627179882806
2024-12-03,3746.8378282803933
2024-12-04,3782.4395371861974
2024-12-05,3778.96964719436
2024-12-06,3802.3291995685886
2024-12-09,3738.077441231129
2024-12-10,3711.5416913184413
2024-12-11,3753.3030679958615
2024-12-12,3725.5827481941838
2024-12-13,3765.0415895572014
2024-12-16,3794.907360934263
2024-12-17,3755.6269829367916
2024-12-18,3636.39455151624
2024-12-19,3638.6647933287704
2024-12-20,3677.254035531869
2024-12-23,3721.0791879776734
2024-12-24,3765.732761532812
2024-12-26,3766.381203896209
2024-12-27,3724.4432636452793
2024-12-30,3686.4502201264195
2024-12-31,3665.1833050048717
2025-01-02,3687.253279966741
2025-01-03,3738.75380470743
2025-01-06,3764.2256722063435
2025-01-07,3716.776211042477
2025-01-08,3730.492331847638
2025-01-10,3688.68349293564
2025-01-13,3685.2807773424147
2025-01-14,3685.258884087843
2025-01-15,3755.1240190105896
2025-01-16,3765.3292361327312
2025-01-17,3807.1644103486556
2025-01-21,3861.5656041075013
2025-01-22,3888.8987027035773
2025-01-23,3915.1153927940004
2025-01-24,3912.216857366111
2025-01-27,3788.7772024271167
2025-01-28,3836.10289334755
2025-01-29,3825.3670563816277
2025-01-30,3884.9690164363847
2025-01-31,3863.9034165243265
2025-02-03,3857.107296283359
2025-02-04,3884.2166152272644
2025-02-05,3935.4097064255875
2025-02-06,3968.4845406828445
2025-02-07,3936.070949948553
2025-02-10,3967.379981531109
2025-02-11,3967.4523833159346
2025-02-12,3951.6712597782634
2025-02-13,3985.904409742837
2025-02-14,3979.513773725755
2025-02-18,3977.8003057210535
2025-02-19,3978.346235973956
2025-02-20,3932.5891287449786
2025-02-21,3855.7934949124347
2025-02-24,3825.5325404778087
2025-02-25,3818.521705776218
2025-02-26,3854.9228968020316
2025-02-27,3782.4166939714733
2025-02-28,3855.015337936149
2025-03-03,3771.004882020914
2025-03-04,3710.4075555810723
2025-03-05,3756.251662208965
2025-03-06,3652.367272284736
2025-03-07,3651.6380194238827
2025-03-10,3554.6857009799514
2025-03-11,3555.63738154144
2025-03-12,3588.733087885105
2025-03-13,3541.890155770175
2025-03-14,3624.8106778883653
2025-03-17,3649.5044738825354
2025-03-18,3599.9583046664443
2025-03-19,3648.8534350395794
2025-03-20,3642.5312446328917
2025-03-21,3641.354925993647
2025-03-24,3747.0967231349214
2025-03-25,3761.9789743818046
2025-03-26,3684.33870694424
2025-03-27,3650.5616431776534
2025-03-28,3567.2206605371625
2025-03-31,3578.1080135452335
2025-04-01,3607.6680810156763
2025-04-02,3648.76679357193
2025-04-03,3425.2523344700853
2025-04-04,3188.461271433863
2025-04-07,3232.2088739574256
2025-04-08,3198.54076976737
2025-04-09,3559.399174652505
2025-04-10,3419.9766156600194
2025-04-11,3473.3718879272155
2025-04-14,3487.9107535461094
2025-04-15,3501.5288887052347
2025-04-16,3413.5629297561477
2025-04-17,3415.9669749852933
2025-04-21,3323.9100050075294
2025-04-22,3421.37384185977
2025-04-23,3510.6273459992676
2025-04-24,3590.71791512421
2025-04-25,3637.168575948718
2025-04-28,3641.2995125168545
2025-04-29,3666.3163833503677
2025-04-30,3661.628858776539
2025-05-01,3704.951382253009
2025-05-02,3784.6537210604374
2025-05-05,3769.614750666339
2025-05-06,3737.064184396648
2025-05-07,3774.0245974140025
2025-05-08,3805.4469243253434
2025-05-09,3805.474804086816
2025-05-12,3940.018822064746
2025-05-13,4021.0243450589273
2025-05-14,4049.8712380194265
2025-05-15,4044.6850958754244
2025-05-16,4070.0409204168777
2025-05-19,4073.0039612587666
2025-05-20,4056.426646918776
2025-05-21,3987.016327646103
2025-05-22,3993.9890025458935
2025-05-23,3980.940963487478
2025-05-27,4072.3023437773627
2025-05-28,4057.7230650710853
2025-05-29,4071.2187846869815
2025-05-30,4078.0417263380646
2025-06-02,4119.826651786019
2025-06-03,4145.878606147855
2025-06-04,4145.646265526766
2025-06-05,4095.3287950881295
2025-06-06,4136.459611047695
2025-06-09,4136.287755725465
2025-06-10,4146.521993821029
2025-06-11,4147.079727753658
2025-06-12,4147.696228029113
2025-06-13,4107.273409835206
2025-06-16,4163.474271138428
2025-06-17,4129.6624390455245
2025-06-18,4147.317689524739
2025-06-20,4139.5060106081955
2025-06-23,4205.998196831896
2025-06-24,4262.661979009108
2025-06-25,4261.3770561490655
2025-06-26,4311.124767997291
2025-06-27,4336.493187316844
2025-06-30,4360.918309533518
2025-07-01,4294.267891312523
2025-07-02,4318.175086760184
2025-07-03,4367.701609659667
2025-07-07,4344.879654606309
2025-07-08,4314.345160993446
2025-07-09,4348.9383773146255
2025-07-10,4358.717907186014
2025-07-11,4350.541961605798
2025-07-14,4385.554170333371
2025-07-15,4372.878745633219
2025-07-16,4377.873477469258
2025-07-17,4408.230944700718
2025-07-18,4414.440098546444
2025-07-21,4419.958194669858
2025-07-22,4379.668485804233
2025-07-23,4433.425029288817
2025-07-24,4433.435605233224
2025-07-25,4458.247195440965
2025-07-28,4470.744899245593
2025-07-29,4457.204942582181
2025-07-30,4474.190902971507
2025-07-31,4487.2906233381
2025-08-01,4392.619980792195
2025-08-04,4468.167705152333
2025-08-05,4450.938266225155
2025-08-06,4513.583916985861
2025-08-07,4512.202924566918
2025-08-08,4543.735554278104
2025-08-11,4539.470495614379
2025-08-12,4599.117717254791
2025-08-13,4571.10052127598
2025-08-14,4581.613613621838
2025-08-15,4548.702592450304
2025-08-18,4553.75919607766
2025-08-19,4486.700532352226
2025-08-20,4482.513517659217
2025-08-21,4451.89035485139
2025-08-22,4518.4655511188585
2025-08-25,4510.103231514254
2025-08-26,4550.474486915671
2025-08-27,4548.624306705233
2025-08-28,4568.155101205703
2025-08-29,4513.879832585526
2025-09-02,4482.0790132827
2025-09-03,4484.551971052663
2025-09-04,4550.50629740906
2025-09-05,4540.768036105508
2025-09-08,4565.215065713249
2025-09-09,4595.451481707079
2025-09-10,4635.856045132236
2025-09-11,4659.819610831344
2025-09-12,4672.952900426558
2025-09-15,4697.815194034312
2025-09-16,4695.793076738711
2025-09-17,4680.621961781008
2025-09-18,4711.634973469814
2025-09-19,4729.13860161338
2025-09-22,4744.32880676497
2025-09-23,4723.634087324534
2025-09-24,4697.472894283408
2025-09-25,4675.67362454175
2025-09-26,4684.556352743512
2025-09-29,4689.58456571854
2025-09-30,4704.177905420735
2025-10-01,4684.522274280742
2025-10-02,4693.201299330949
2025-10-03,4665.653631166145
2025-10-06,4678.584962820051
2025-10-07,4681.883797083204
2025-10-08,4716.982055097456
2025-10-09,4733.4684085106865
2025-10-10,4604.191778813463
2025-10-13,4708.39960940868
2025-10-14,4685.92639746798
2025-10-15,4709.316574839194
2025-10-16,4673.246139214469
2025-10-17,4677.69732801904
2025-10-20,4710.688063260527
2025-10-21,4692.422099515181
2025-10-22,4643.543397392327
2025-10-23,4675.508742840732
2025-10-24,4728.659773739358
2025-10-27,4778.715654036195
2025-10-28,4796.2141414026255
2025-10-29,4822.9661539589115
2025-10-30,4735.090178028347
2025-10-31,4730.270969433699
2025-11-03,4722.747915472728
2025-11-04,4637.643422816406
2025-11-05,4653.986522878466
2025-11-06,4588.777873182255
2025-11-07,4605.719566973021
2025-11-10,4692.050809406208
2025-11-11,4672.893442353453
2025-11-12,4675.01373391005
2025-11-13,4573.393579723877
2025-11-14,4578.097301596158
2025-11-17,4527.955546100107
2025-11-18,4502.743710376227
2025-11-19,4535.465557906038
2025-11-20,4446.400607703949
2025-11-21,4440.644811178015
2025-11-24,4544.21973780946
2025-11-25,4583.070270515664
2025-11-26,4635.386743197667
2025-11-28,4670.348647429857
2025-12-01,4621.000539181771
2025-12-02,4633.009915304383
2025-12-03,4641.080600059166
2025-12-04,4681.952154555456
2025-12-05,4696.896415447352
2025-12-08,4700.952636700004
2025-12-09,4690.321562730825
2025-12-10,4722.862398651269
2025-12-11,4733.468825418008
2025-12-12,4630.339335492141
2025-12-15,4612.001466322052
2025-12-16,4613.9994495106175
2025-12-17,4528.4281611691395
2025-12-18,4575.043856796014
2025-12-19,4645.940617336876
2025-12-22,4684.443072639153
2025-12-23,4714.311335574844
2025-12-24,4731.9773784560975
2025-12-26,4728.287879803067
2025-12-29,4699.703862305482
2025-12-30,4688.285461135818
2025-12-31,4649.552256057056
2026-01-02,4662.331910502525
2026-01-05,4692.582700758846
2026-01-06,4717.789698348745
2026-01-07,4682.366247898554
2026-01-08,4638.240014260589
2026-01-09,4676.574097983412
2026-01-12,4695.69444250323
2026-01-13,4682.716477966161
2026-01-14,4634.262989859438
2026-01-15,4664.6674921431
2026-01-16,4675.658696536351
2026-01-20,4557.648048979443
2026-01-21,4583.7958561511905
2026-01-22,4595.827882853729
2026-01-23,4595.396888799758
2026-01-26,4630.646676193162
2026-01-27,4659.50520410886
2026-01-28,4645.921375066078
2026-01-29,4698.867258448339
2026-01-30,4670.243558675101
2026-02-02,4686.332912482253
2026-02-03,4659.188579079869
2026-02-04,4559.686209804978
2026-02-05,4521.867285126062
2026-02-06,4672.366825182505
2026-02-09,4735.9494811529785
2026-02-10,4705.672567288378
2026-02-11,4699.497351009439
2026-02-12,4608.260833075259
2026-02-13,4609.24290118378
2026-02-17,4631.071845352495
2026-02-18,4652.106917282051
2026-02-19,4652.389224419765
2026-02-20,4673.491139361408
2026-02-23,4595.015612080381
2026-02-24,4627.243631783516
2026-02-25,4694.335598262325
2026-02-26,4674.7349816416945
2026-02-27,4654.578899846633
2026-03-02,4683.0314109505925
2026-03-03,4646.223845461395
2026-03-04,4687.665880260206
2026-03-05,4664.267440011694
2026-03-06,4608.063375160592
2026-03-09,4648.9292606586905
2026-03-10,4641.035355326288
2026-03-11,4626.43655643254
2026-03-12,4567.996914006232
2026-03-13,4526.955190503236
2026-03-16,4572.29642436914
2026-03-17,4572.4568670639455
2026-03-18,4523.002277465186
2026-03-19,4516.644705047654
2026-03-20,4431.613866042615
2026-03-23,4476.796014992886
2026-03-24,4487.009812336135
2026-03-25,4505.811528669967
2026-03-26,4350.826001537338
2026-03-27,4311.680590148505
2026-03-30,4215.5201318779755
2026-03-31,4383.682979622531
2026-04-01,4474.441177153406
2026-04-02,4485.056711824828
2026-04-06,4521.884265604863
2026-04-07,4559.406757602475
2026-04-08,4741.599814835536
2026-04-09,4797.659617558026
2026-04-10,4821.735671492513
2026-04-13,4870.123736299477
2026-04-14,4951.461669633555
2026-04-15,4946.9790138662365
2026-04-16,4954.85586332727
2026-04-17,5014.389359666594
2026-04-20,4987.719716898753
2026-04-21,4951.289788845804
2026-04-22,5047.035519109821
2026-04-23,5049.811564903305
2026-04-24,5141.614357467577
2026-04-27,5164.496469603287
2026-04-28,5079.579108197031
2026-04-29,5111.394644361434
2026-04-30,5228.423636629485
2026-05-01,5254.194965907652
2026-05-04,5253.734571459704
2026-05-05,5388.774798582409
2026-05-06,5536.128486437279
2026-05-07,5445.692715560681
2026-05-08,5624.795241957797
2026-05-11,5711.191277228375
2026-05-12,5647.093291632819
2026-05-13,5718.380588569533
2026-05-14,5765.842846412744
2026-05-15,5607.596778742033
2026-05-18,5528.987441501782
2026-05-19,5498.157694868491
2026-05-20,5604.089759659571
2026-05-21,5656.812291636532
2026-05-22,5665.411987392415
2026-05-26,5856.504339487921
2026-05-27,5847.625234402478
2026-05-28,5871.435630886445
2026-05-29,5888.040276583983
2026-06-01,5956.555175841122
2026-06-02,6031.919446807084
2026-06-03,6060.435155928013
2026-06-04,5972.7010150341275
2026-06-05,5638.751509018195
2026-06-08,5782.832910845444
2026-06-09,5770.127055711504
2026-06-10,5621.474563843153
2026-06-11,5889.505207777569
2026-06-12,5961.380912102008
2026-06-15,6170.364816625934
2026-06-16,6044.212517491329
2026-06-17,6077.565965238464
2026-06-18,6257.484616186747
2026-06-22,6329.937545775385
2026-06-23,6042.997150739332
2026-06-24,6025.004021351084
2026-06-25,6252.516587196031
2026-06-26,6048.723970989058
2026-06-29,6208.161726241798
2026-06-30,6330.409450393744
2026-07-01,6079.893561065235
2026-07-02,5910.014941666787
2026-07-06,5990.485209183843
2026-07-07,5853.250110238178
2026-07-08,5898.430393358216
2026-07-09,5995.895933935554
2026-07-10,6022.541311582264
2026-07-13,5863.528926119885
2026-07-14,5978.339907757516
2026-07-15,5873.8333109989335
2026-07-16,5688.193613002137
2026-07-17,5634.202666419584
2026-07-20,5657.091472061224
2026-07-21,5865.1232418100235
2026-07-22,5876.488838125634
2026-07-23,5870.129104268999
2026-07-24,5739.530419372899
2026-07-27,5667.129833808224
2026-07-28,5515.861207294792
2026-07-29,5338.92126372027
2026-07-30,5619.386599818038
2026-07-31,5631.657439195822
2026-08-03,5695.805223378394
2026-08-04,5919.621766703951
2026-08-05,5884.808214751316
2026-08-06,5841.783897093765
2026-08-07,5866.412234047881
2026-08-10,5823.322070407544
2026-08-11,5818.4840848961
2026-08-12,5923.772877919117
2026-08-13,5981.05472996431
2026-08-14,6005.2818067690605
2026-08-17,6074.490355932293
2026-08-18,5911.571584787571
2026-08-19,5811.365766528831
2026-08-20,5807.504347367
2026-08-21,5827.416895294007
2026-08-24,5723.846485476599
2026-08-25,5773.6693797467415
2026-08-26,5778.3613013319
2026-08-27,5824.2707331351385
2026-08-28,5749.980137888906
2026-08-31,5760.134780693574
2026-09-01,5700.923739110997
2026-09-02,5731.107393992015
2026-09-03,5773.218127600221
2026-09-04,5866.060029657928
2026-09-08,5894.944737093174
2026-09-09,5886.749617429933
2026-09-10,5775.352925466875
2026-09-11,5810.53114362086
2026-09-14,5648.65083947133
2026-09-15,5630.809405529611
2026-09-16,5626.518134912605
2026-09-17,5742.006862736978
2026-09-18,5846.301596889227
2026-09-21,5969.947008565623
2026-09-22,6015.473734754311
2026-09-23,5960.307382549497
2026-09-24,5973.0724568947435
2026-09-25,6001.699779693154
2026-09-28,5933.760350391801
2026-09-29,5936.1680813580715
2026-09-30,5944.082871728908
