leverage,median_terminal_vs_contributed,median_worst_vs_contributed,p05_worst_vs_contributed,cagr_p05,cagr_p25,cagr_median,cagr_p75,cagr_p95,cagr_mean,median_max_drawdown,worst_5pct_max_drawdown,prob_ruin,prob_dd_over_50,prob_dd_over_70,prob_beat_unlevered,median_margin_calls
1.0,3.092349718316054,0.9036861548837809,0.623928989261832,0.0168280313764187,0.07617394171740716,0.11951227622608307,0.16361382656518053,0.22781263816921246,0.12069953003680706,-0.338088187321298,-0.5309452435422581,0.0,0.08275,0.001,0.0,0.0
1.25,3.412434952890057,0.8647102172134273,0.5114563784544146,0.0011251718091616519,0.07560655436460917,0.1305933754452493,0.1865823936342968,0.27035503315124754,0.13264278532827786,-0.42046454341879314,-0.6411132087002782,0.0,0.2625,0.0165,0.74075,0.0
1.5,3.703617681183334,0.8166464601178065,0.3985549146374593,-0.01755317674927773,0.07210836050686475,0.13988913029173744,0.20845592778351263,0.3117111419063496,0.1427594103501187,-0.49768508695082175,-0.7324816176945141,0.0,0.49125,0.081,0.7155,0.0
1.75,3.9257620702091525,0.7679367682180921,0.3040454689332431,-0.03883483165748963,0.06671030832483482,0.14654836746295596,0.22830761548251027,0.35260775462423555,0.15088178060163118,-0.5688982526184321,-0.8069960863502464,0.0,0.68975,0.1945,0.693,0.0
2.0,4.051509528906621,0.7141255521851372,0.2218296865588194,-0.062484063325285694,0.058412009280924826,0.15016901118106152,0.24588847917077628,0.39226524759100284,0.15651085164246065,-0.6340412131953733,-0.8664426650638307,0.0,0.8325,0.3275,0.66925,0.0
2.25,4.090853038707136,0.6563140398167335,0.15551178262747994,-0.09101799453307396,0.04577827735430695,0.15128105369710032,0.2618492261549788,0.4311984844962608,0.15871892107550353,-0.6937683570612234,-0.9105446506471673,0.0,0.92075,0.4845,0.631,0.0
2.5,3.997066650632806,0.5928576718470964,0.1057517859390185,-0.11987883459457825,0.029868245549292016,0.14861403985034216,0.2735122160938105,0.4681515484563001,0.1576164676066061,-0.7484509039531975,-0.9416666439994952,0.0,0.9675,0.6155,0.59525,1.0
2.75,3.741284149365782,0.526243121152693,0.07004706320180792,-0.15493350806138692,0.009579138766770079,0.141043153274805,0.2808012522699838,0.49853061299720086,0.15223336459157036,-0.7937679957785104,-0.9637414032359705,0.0,0.9865,0.72775,0.5625,3.0
3.0,3.4385733840774497,0.4604824691982764,0.046853238949578574,-0.1863149846593966,-0.011126605709512488,0.1314563538657313,0.2851918336672453,0.5261924301967894,0.14572322620250253,-0.8303585038144354,-0.9770110734399159,0.0,0.995,0.8145,0.53225,11.0
