leverage,terminal_multiple,cagr,vol,sharpe_naive,max_drawdown,calmar,ulcer_index,worst_day,longest_underwater_days,wiped_out,rebalance,interest_paid,interest_pct_of_start,monthly_contribution,liquidation_cost,margin_calls,rebalances,traded_notional,rebalance_cost_paid,ruin_day,ruin_deficit,terminal_net_equity,withdrawals_paid,withdrawal_failures,final_leverage,max_leverage_reached,episode,schedule,start,end
1.0,0.9125784502458053,-0.306445112967654,0.610644115405399,-0.5018391322156751,-0.3147051137192388,-0.9737532045349796,14.589813658710833,-0.11708640859662689,51,False,monthly,0.0,0.0,0.0,0.0,0,3,0.0,0.0,-1,0.0,91257.84502458053,0.0,0,1.0,1.0,covid crash,monthly,2020-02-03,2020-05-01
1.25,0.8844608551857123,-0.3880520757441043,0.7939625517671969,-0.4887536255713577,-0.3886516676075188,-0.9984572512782319,18.18059595270732,-0.15103088544295873,51,False,monthly,133.78087908218032,0.0013378087908218032,0.0,0.0,0,3,6131.986705074727,1.2263973410149454,-1,0.0,88446.08551857123,0.0,0,1.2218210999272345,1.380810630309408,covid crash,monthly,2020-02-03,2020-05-01
1.5,0.8544515626411546,-0.46697228191462226,0.9964066735638931,-0.4686563170481198,-0.46057546736986976,-1.013888743534869,21.732428462610212,-0.18720429173357633,51,False,monthly,264.8693629812496,0.002648693629812496,0.0,0.0,0,3,14675.207563794494,2.9350415127588994,-1,0.0,85445.15626411546,0.0,0,1.4338616055909832,1.8506394016561434,covid crash,monthly,2020-02-03,2020-05-01
1.75,0.8225766098780715,-0.5421687588549042,1.2241168165275687,-0.4429060621786613,-0.5305263349179975,-1.0219450443279243,25.24700012397888,-0.22583362067436774,51,False,monthly,393.28825152603724,0.003932882515260372,0.0,0.0,0,3,25608.207716719102,5.121641543343821,-1,0.0,82257.66098780715,0.0,0,1.6367544363684001,2.4448306168082565,covid crash,monthly,2020-02-03,2020-05-01
2.0,0.788869669635253,-0.6127235980967822,1.4866300007053372,-0.4121560830913362,-0.5985504456260762,-1.0236791277565271,28.72558597459299,-0.26717777107473073,51,False,monthly,518.1703685833515,0.005181703685833515,0.0,0.0,0,3,38907.65401963545,7.781530803927089,-1,0.0,78886.9669635253,0.0,0,1.831079054966981,3.2202937952158392,covid crash,monthly,2020-02-03,2020-05-01
2.25,0.734230314863666,-0.7093774917593334,1.765289662695317,-0.40184764390237615,-0.6647204529080228,-1.067181683151082,32.95288346963242,-0.31151479922086744,51,False,monthly,614.9573539015272,0.006149573539015272,0.0,10.197817271361437,1,3,46285.266199261154,9.257053239852231,-1,0.0,73423.0314863666,0.0,0,2.017366994440439,4.000000000000001,covid crash,monthly,2020-02-03,2020-05-01
2.5,0.6442914826611206,-0.8276824304218654,1.9472370068620641,-0.42505479687634945,-0.7147748397021773,-1.1579624581731682,38.51811849962442,-0.35934155912286136,51,False,monthly,687.9581788065766,0.006879581788065766,0.0,49.490339452883354,3,3,31586.717522706866,6.317343504541373,-1,0.0,64429.14826611205,0.0,0,2.196106713355386,4.000000000000001,covid crash,monthly,2020-02-03,2020-05-01
2.75,0.5928292377609587,-0.8764853540219002,2.0466603484360504,-0.42825149502293525,-0.7454564848444374,-1.1757699769756595,42.245119968435844,-0.3755624619403112,51,False,monthly,755.6745489357202,0.007556745489357202,0.0,82.36624992959148,4,3,21886.809777078888,4.377361955415777,-1,0.0,59282.92377609588,0.0,0,2.3677478724963454,4.000000000000001,covid crash,monthly,2020-02-03,2020-05-01
3.0,0.5459308454212852,-0.9111718675232132,2.1273174720854486,-0.4283196464465525,-0.7725306599844173,-1.179463696031938,45.640039744638024,-0.37556707170311354,51,False,monthly,820.9025002997314,0.008209025002997314,0.0,114.02161631918823,4,3,26633.296905371142,5.326659381074228,-1,0.0,54593.08454212852,0.0,0,2.532705111950178,4.000000000000001,covid crash,monthly,2020-02-03,2020-05-01
1.0,0.9125784502458053,-0.306445112967654,0.610644115405399,-0.5018391322156751,-0.3147051137192388,-0.9737532045349796,14.589813658710833,-0.11708640859662689,51,False,never,0.0,0.0,0.0,0.0,0,0,0.0,0.0,-1,0.0,91257.84502458053,0.0,0,1.0,1.0,covid crash,never,2020-02-03,2020-05-01
1.25,0.8893168461776422,-0.3745017821684269,0.8021977150614024,-0.4668447380702917,-0.3897394519334524,-0.9609029322296391,18.092050976734626,-0.15168683385935278,51,False,never,140.62166296148726,0.0014062166296148727,0.0,0.0,0,0,0.0,0.0,-1,0.0,88931.68461776421,0.0,0,1.2826958892212375,1.3886998885206228,covid crash,never,2020-02-03,2020-05-01
1.5,0.8660552421094772,-0.4374224737509731,1.0172796414426482,-0.4299923599479937,-0.46318779301447754,-0.9443739242439424,21.52028821349708,-0.18889144320131557,51,False,never,281.2433259229745,0.0028124332592297453,0.0,0.0,0,0,0.0,0.0,-1,0.0,86605.52421094771,0.0,0,1.5805777839696626,1.8744260090174487,covid crash,never,2020-02-03,2020-05-01
1.75,0.8427936380413152,-0.4954723241504201,1.2632114267470655,-0.3922323006737883,-0.5350998958028562,-0.9259436005066316,24.876835841755316,-0.22900573726153084,51,False,never,421.86498888446175,0.004218649888844617,0.0,0.0,0,0,0.0,0.0,-1,0.0,84279.36380413153,0.0,0,1.8949031125124272,2.4986883074302466,covid crash,never,2020-02-03,2020-05-01
2.0,0.8195361353552791,-0.5489004127295544,1.5516283598950598,-0.35375765674112697,-0.6055221983250463,-0.906490982903492,28.163781363487477,-0.27238449323116387,51,False,never,562.0765136331638,0.0056207651363316385,0.0,0.0,0,0,0.0,0.0,-1,0.0,81953.61353552791,0.0,0,2.2270609211153114,3.330602429827898,covid crash,never,2020-02-03,2020-05-01
2.25,0.7482849705812711,-0.6864779502939,1.828261159332703,-0.37548134017377344,-0.67452165113737,-1.0177255972975359,33.05277622884629,-0.3193727437115117,51,False,never,649.6783351856259,0.0064967833518562584,0.0,17.75642609586811,1,0,0.0,0.0,-1,0.0,74828.4970581271,0.0,0,2.442111132896169,3.999999999999999,covid crash,never,2020-02-03,2020-05-01
2.5,0.6464210608130679,-0.8253928633993552,1.993193908540626,-0.41410565217093714,-0.7216785355228892,-1.1437126404228168,38.83330091456787,-0.3707786370589279,51,False,never,701.6224077379569,0.007016224077379569,0.0,57.52875438322103,3,0,0.0,0.0,-1,0.0,64642.10608130679,0.0,0,2.442254939244014,4.000000000000001,covid crash,never,2020-02-03,2020-05-01
2.75,0.5825585830201594,-0.8848249469507559,2.062258896836274,-0.4290561909119035,-0.7517058537427578,-1.1770893395936664,42.88536433153785,-0.375563606479963,51,False,never,750.3007695636421,0.007503007695636422,0.0,91.82232371729927,4,0,0.0,0.0,-1,0.0,58255.85830201594,0.0,0,2.44225493924401,4.000000000000001,covid crash,never,2020-02-03,2020-05-01
3.0,0.52506338227878,-0.9239941662755967,2.129036181761,-0.43399646008426634,-0.7784465601161527,-1.1869718662996298,46.55994017826602,-0.3755684290327481,51,False,never,800.052336161409,0.00800052336161409,0.0,125.19772440979753,5,0,0.0,0.0,-1,0.0,52506.338227878005,0.0,0,2.4422549392440094,4.000000000000001,covid crash,never,2020-02-03,2020-05-01
1.0,0.8936928100221211,-0.10670727957057602,0.22998258849650452,-0.4639798180730445,-0.2263763582569741,-0.47137112900034306,13.707422386993743,-0.04213434653259385,249,False,monthly,6.263874891585654e-14,6.263874891585654e-19,0.0,0.0,0,12,1.4551915228366852e-11,2.9103830456733705e-15,-1,0.0,89369.28100221211,0.0,0,1.0000000000000002,1.0000000000000002,2022 rate shock,monthly,2022-01-03,2022-12-30
1.25,0.8577795193559361,-0.14274458499627585,0.28941970592671623,-0.4932096262734097,-0.2812457194713427,-0.5075440268552094,17.279738932705698,-0.05268382547173878,249,False,monthly,687.1182985270322,0.006871182985270322,0.0,0.0,0,12,14122.862926575806,2.8245725853151615,-1,0.0,85777.9519355936,0.0,0,1.2606288594982675,1.2902427920038069,2022 rate shock,monthly,2022-01-03,2022-12-30
1.5,0.8216669471215093,-0.17897579711941802,0.34978710001949453,-0.5116706622669711,-0.3335669454537318,-0.5365513566578596,20.782147475106573,-0.0632333044108836,249,False,monthly,1322.199169579179,0.01322199169579179,0.0,0.0,0,12,32857.581626032465,6.571516325206494,-1,0.0,82166.69471215093,0.0,0,1.5257280304928627,1.5997955417942014,2022 rate shock,monthly,2022-01-03,2022-12-30
1.75,0.785477497101888,-0.21527777350353938,0.41116907384201995,-0.5235748192147684,-0.38335496186070284,-0.5615625071308283,24.21072304258032,-0.07378278335002886,249,False,monthly,1906.0994256391314,0.019060994256391312,0.0,0.0,0,12,55711.25250856488,11.142250501712976,-1,0.0,78547.7497101888,0.0,0,1.7954135201731105,1.9306516064538717,2022 rate shock,monthly,2022-01-03,2022-12-30
2.0,0.7493302856957601,-0.2515307264455402,0.4736575784740978,-0.5310391681177234,-0.4306329422678411,-0.5840954134184547,27.562189579852237,-0.08433226228917379,249,False,monthly,2439.767672350091,0.02439767672350091,0.0,0.0,0,12,82208.23093681037,16.441646187362075,-1,0.0,74933.02856957601,0.0,0,2.069805384691576,2.2850884846405317,2022 rate shock,monthly,2022-01-03,2022-12-30
2.25,0.7135209562441622,-0.28743793805859796,0.5373445149843067,-0.5349229964076077,-0.4753043117867789,-0.6047450673823097,30.81939621891743,-0.09551941175187662,249,False,monthly,2903.592404119915,0.02903592404119915,0.0,0.0,0,12,111867.60536008995,22.373521072017994,-1,0.0,71352.09562441622,0.0,0,2.3490279073686606,2.6657203158870626,2022 rate shock,monthly,2022-01-03,2022-12-30
2.5,0.6781921316880432,-0.3228562950269691,0.6023385856441282,-0.5360046703329048,-0.5174213101318135,-0.6239717783264884,33.982379236883475,-0.10709061149304977,249,False,monthly,3296.6390658309083,0.032966390658309086,0.0,0.0,0,12,144275.63492707245,28.85512698541449,-1,0.0,67819.21316880432,0.0,0,2.6330536489208503,3.0754943440395803,2022 rate shock,monthly,2022-01-03,2022-12-30
2.75,0.6433449386370752,-0.35778459804170737,0.6687655652742247,-0.5349925543714249,-0.5571172142543285,-0.6422070416915457,37.05796541982642,-0.11886947420460026,249,False,monthly,3631.7919581691767,0.03631791958169177,0.0,0.0,0,12,179032.23714064632,35.80644742812927,-1,0.0,64334.493863707525,0.0,0,2.9220776201645493,3.517836356704421,2022 rate shock,monthly,2022-01-03,2022-12-30
3.0,0.6089689065601493,-0.39223325712317625,0.736763019020792,-0.5323737036156903,-0.5944911619177142,-0.6597797953091634,40.048625803191555,-0.13086312872109007,249,False,monthly,3921.6117441645692,0.039216117441645694,0.0,0.0,0,12,215739.28214512172,43.147856429024344,-1,0.0,60896.89065601493,0.0,0,3.2162883646435487,3.9968950519049646,2022 rate shock,monthly,2022-01-03,2022-12-30
1.0,0.8936928100221213,-0.10670727957057591,0.22998258849650452,-0.463979818073044,-0.2263763582569741,-0.47137112900034256,13.707422386993743,-0.04213434653259385,249,False,never,0.0,0.0,0.0,0.0,0,0,0.0,0.0,-1,0.0,89369.28100221213,0.0,0,1.0,1.0,2022 rate shock,never,2022-01-03,2022-12-30
1.25,0.8589175118949637,-0.14160275369119935,0.2991798622906307,-0.4733030913479161,-0.28654182311827203,-0.4941783092960635,17.382266799868077,-0.054307693947386104,249,False,never,819.8500632688649,0.008198500632688649,0.0,0.0,0,0,0.0,0.0,-1,0.0,85891.75118949637,0.0,0,1.3006091936151647,1.3507055206139214,2022 rate shock,never,2022-01-03,2022-12-30
1.5,0.8241422137678045,-0.17649259794363814,0.3746884407123683,-0.4710382781173751,-0.34629092880105117,-0.5096656691375117,21.03347313899152,-0.06725438062774014,249,False,never,1639.7001265377298,0.016397001265377298,0.0,0.0,0,0,0.0,0.0,-1,0.0,82414.22137678045,0.0,0,1.6265872474903562,1.7628713243303376,2022 rate shock,never,2022-01-03,2022-12-30
1.75,0.7893669156406483,-0.21137657559999756,0.4577298180435154,-0.46179332712797494,-0.40562798235767683,-0.5211094519943863,24.660482115836153,-0.0810505162668268,249,False,never,2459.5501898065954,0.024595501898065954,0.0,0.0,0,0,0.0,0.0,-1,0.0,78936.69156406484,0.0,0,1.9812870118446837,2.254205178587966,2022 rate shock,never,2022-01-03,2022-12-30
2.0,0.7546537965154559,-0.24619207235383256,0.5499117409183035,-0.44769379163047834,-0.4645304130854637,-0.5299805253193152,28.261359196635784,-0.09588978064314191,249,False,never,3273.1823528785653,0.032731823528785654,0.0,0.0,0,0,0.0,0.0,-1,0.0,75465.37965154559,0.0,0,2.3684842351517084,2.849797381385849,2022 rate shock,never,2022-01-03,2022-12-30
2.25,0.7211787875581223,-0.2797597661779653,0.6528477061514509,-0.4285222472897304,-0.5221490893336265,-0.5357852228278295,31.77513310456846,-0.11446044962458501,249,False,never,3963.0034991650723,0.03963003499165072,0.0,0.0,0,0,0.0,0.0,-1,0.0,72117.87875581223,0.0,0,2.788225135348585,3.580262249593206,2022 rate shock,never,2022-01-03,2022-12-30
2.5,0.6632799870667659,-0.337804046257844,0.7401480537933729,-0.45640064109679973,-0.5772587514535555,-0.5851865310092621,36.079424521449596,-0.13544143718971313,249,False,never,4254.859810345943,0.04254859810345943,0.0,21.1756010399826,3,0,0.0,0.0,-1,0.0,66327.99870667659,0.0,0,3.006700593515802,4.000000000000001,2022 rate shock,never,2022-01-03,2022-12-30
2.75,0.6070563818772955,-0.39414959887365253,0.7899124003288096,-0.4989788724795097,-0.6143396392604112,-0.6415825606632836,40.14783258346071,-0.1496831174828881,249,False,never,4145.542362178065,0.041455423621780646,0.0,57.35034882670872,11,0,0.0,0.0,-1,0.0,60705.63818772955,0.0,0,3.0072689707580773,4.000000000000001,2022 rate shock,never,2022-01-03,2022-12-30
3.0,0.5714352610368966,-0.4298373337729683,0.8106299806587516,-0.5302509702684135,-0.6381533364923497,-0.6735643444812127,43.216846317820846,-0.16232872328960823,249,False,never,4012.237192090071,0.04012237192090071,0.0,89.37530081820796,13,0,0.0,0.0,-1,0.0,57143.526103689655,0.0,0,3.0076869506884107,4.000000000000001,2022 rate shock,never,2022-01-03,2022-12-30
