strategy,initial_leverage,cagr_p05,cagr_median,median_max_drawdown,prob_dd_over_50,p05_worst_vs_contributed,median_margin_calls,median_mean_leverage,median_final_leverage
constant leverage,1.0,0.09232796476385667,0.20192958256332438,-0.29316992705027567,0.020666666666666667,0.733804329673017,0.0,1.0,1.0
constant leverage,1.25,0.09548710194895073,0.23634681410541447,-0.3645924315933741,0.10466666666666667,0.6574412504906227,0.0,1.2486520412368098,1.2457077067028453
constant leverage,1.5,0.09655719198622288,0.2696332762092575,-0.43230103820275506,0.27566666666666667,0.5777422273737446,0.0,1.496988296552329,1.489655907750024
constant leverage,1.75,0.09492791860627796,0.30137240740910376,-0.49684001332695504,0.49133333333333334,0.49963885881643816,0.0,1.7451242279328474,1.7319196083613408
constant leverage,2.0,0.089389496113275,0.3307786518219177,-0.560332448250342,0.7103333333333334,0.4246758201277609,0.0,1.9932918977363514,1.9725169987059337
constant leverage,2.5,0.06253251813090077,0.38089753264793236,-0.6743121173838572,0.895,0.2935912125887211,1.0,2.489211877020942,2.4487871353817785
constant leverage,3.0,0.02686777372273785,0.4166159163714769,-0.7505254599776495,0.9783333333333334,0.21804838998754406,8.0,2.98146548898816,2.9159577771775904
no new borrowing (interest capitalised),1.0,0.09232796476385684,0.2019295825633246,-0.2931699270502757,0.020666666666666667,0.7338043296730166,0.0,1.0,1.0
no new borrowing (interest capitalised),1.25,0.09365346779737362,0.21198854457506378,-0.3147137595103842,0.043333333333333335,0.6802539525548592,0.0,1.0669428946208679,1.0189128940689374
no new borrowing (interest capitalised),1.5,0.09536732406635766,0.22171437399705107,-0.33357683680049927,0.06966666666666667,0.6234081826632717,0.0,1.1303219955369883,1.0359563939557248
no new borrowing (interest capitalised),1.75,0.09663003298703142,0.23088445713881556,-0.3530353791130103,0.10933333333333334,0.566185939342309,0.0,1.19068786594987,1.0512540468836866
no new borrowing (interest capitalised),2.0,0.09868139538090992,0.24000384876267067,-0.37186904327495207,0.16433333333333333,0.5147249253699762,0.0,1.2482536468788559,1.0646306145785658
no new borrowing (interest capitalised),2.5,0.0972806842019021,0.25544913077449194,-0.4092625347985776,0.2663333333333333,0.40457212165123185,0.0,1.352656205034389,1.0870465639854068
no new borrowing (interest capitalised),3.0,0.09201963127960358,0.26781117522745335,-0.44130060125432163,0.3566666666666667,0.33432020798045753,0.0,1.4403804427258988,1.1035121558944043
