statistic,horizon_years,1.0,1.25,1.5,1.75,2.0,2.25,2.5,2.75,3.0
cagr_p05,10,0.09105623465831673,0.09414053497319765,0.09386036370079084,0.09060575467478342,0.08369958333491041,0.07445144842596213,0.05717608143283533,0.03703077655579017,0.021400734476605503
cagr_median,10,0.2031818921711449,0.23602595992754272,0.26852171885587817,0.29926342230401426,0.3279359639494942,0.3534239174883589,0.3755537818689193,0.39347712238848387,0.4091289511733598
median_max_drawdown,10,-0.29916610544507,-0.37223605400009424,-0.4419099631989264,-0.5073860660683169,-0.5686976577752474,-0.6287904687738401,-0.6827536966824914,-0.725293248249715,-0.7584391132581522
prob_dd_over_70,10,0.0,0.0025,0.021,0.07,0.158,0.283,0.4445,0.58625,0.6925
cagr_p05,20,0.12155673397070407,0.1319138227990983,0.14033183187663867,0.14577279645758906,0.14849661240483528,0.14763035459256588,0.1360543104974721,0.12794429331066504,0.12092157709646592
cagr_median,20,0.20170205699530064,0.23508661015013121,0.2676642046835447,0.2982907798765767,0.32661247687954864,0.35211568355245493,0.3705719140938599,0.3866872906361196,0.4019201468419521
median_max_drawdown,20,-0.34486241803038276,-0.42531051163278777,-0.500959730558548,-0.5717162762295087,-0.6373856076370015,-0.6986747629583203,-0.754247236517463,-0.7966803363739505,-0.8281357540076562
prob_dd_over_70,20,0.00025,0.006,0.048,0.139,0.2965,0.4975,0.693,0.8265,0.903
cagr_p05,30,0.13674262801897874,0.1521219827379574,0.16523283450802928,0.17616791858091513,0.1843408702650403,0.18845763183740075,0.18266805294826644,0.1764239732161831,0.17206235689908767
cagr_median,30,0.20190017651250713,0.235682245467013,0.26867774890046425,0.3001186796721742,0.3289762378252433,0.3541098072754201,0.37243142652651606,0.3886363696102749,0.4026971583711785
median_max_drawdown,30,-0.369840583999272,-0.45574302484530427,-0.5352327470445608,-0.6084348502574971,-0.6755759730783483,-0.7373245938958646,-0.7895705968702389,-0.8305888163327935,-0.859673436477806
prob_dd_over_70,30,0.00025,0.01,0.06825,0.2035,0.41,0.6435,0.82975,0.93325,0.971
cagr_p05,40,0.1459650695502685,0.16419379157009678,0.17993682941088315,0.19240197022779967,0.2024168630333158,0.20752380275129068,0.2054584682292247,0.20180703733107846,0.19872528487621605
cagr_median,40,0.2015258179300926,0.23571421528222347,0.26858336566838714,0.2992171088797613,0.326636781724823,0.35030991563461833,0.3672847105859367,0.38274391395294116,0.39654961872282046
median_max_drawdown,40,-0.3885062709524425,-0.4789368839795887,-0.5609933313288169,-0.6346231770268205,-0.7021905743677391,-0.7627915798259877,-0.8145889789804261,-0.8535718711309772,-0.881603341731712
prob_dd_over_70,40,0.0005,0.01425,0.09,0.25975,0.51125,0.751,0.909,0.9705,0.9925
