band,lower,upper,utility,median_cagr,p05_cagr,mean_leverage,trades
0.02,2.280166871614319,2.3732349071904135,-0.01430753042027429,0.34533345489513445,0.20256894956455038,2.3222064484630085,2403.0
0.04,2.2336328538262715,2.419768924978461,-0.013297400294078644,0.349545695183346,0.20764021968251437,2.313645416013196,926.0
0.06,2.187098836038224,2.466302942766508,-0.013717379997187548,0.3475160132593059,0.20459220411816417,2.3032955339758967,515.0
0.08,2.140564818250177,2.5128369605545555,-0.013884939507811755,0.3457948185479838,0.2044917772557759,2.291387302635882,324.0
0.1,2.0940308004621295,2.559370978342603,-0.012318552665567624,0.3506418599280726,0.21121514364887584,2.2771200751139045,212.0
0.125,2.0358632782270702,2.617538500577662,-0.012532497141878008,0.3505385248312267,0.20903348946638914,2.256674229167246,139.0
0.15,1.9776957559920112,2.675706022812721,-0.012481112211390434,0.3488103930643539,0.2095929867876887,2.234840221868424,99.0
0.2,1.861360711521893,2.7920410672828395,-0.012778795449933648,0.3458289222767712,0.20928161364849968,2.181251206089648,56.0
0.25,1.7450256670517748,2.9083761117529576,-0.012856401815598857,0.3408010824560894,0.20889092119945107,2.117079851315247,34.0
0.3,1.6286906225816562,3.024711156223076,-0.01339627537141518,0.33268813269358744,0.20933956426207587,2.039600972567273,23.0
