leverage,terminal_multiple,cagr,vol,sharpe_naive,max_drawdown,calmar,ulcer_index,worst_day,longest_underwater_days,wiped_out,rebalance,interest_paid,interest_pct_of_start,monthly_contribution,liquidation_cost,margin_calls,rebalances,traded_notional,rebalance_cost_paid,ruin_day,ruin_deficit,terminal_net_equity,withdrawals_paid,withdrawal_failures,final_leverage,max_leverage_reached,schedule
1.0,6.308935000180131,0.2011162635432049,0.20921779979191915,0.9612770220470161,-0.31470511371923904,0.6390625851813413,7.2907984913454165,-0.11708640859662678,487,False,daily,2.326299934029971e-12,2.326299934029971e-17,0.0,0.0,0,2533,2.88855517283082e-08,5.777110345661675e-12,-1,0.0,630893.5000180132,0.0,0,1.0000000000000002,1.0000000000000002,daily
1.25,8.441006528762767,0.2364141724615345,0.2615177248819865,0.9040082180594822,-0.38291996102973624,0.6173984031173956,9.526192363965583,-0.1463829371155675,524,False,daily,33627.83031278456,0.33627830312784557,0.0,0.0,0,2533,2191758.5840001926,438.35171680003936,-1,0.0,844100.6528762766,0.0,0,1.2499999999999998,1.292889479307722,daily
1.5,11.03851893822293,0.26985996792889466,0.31381811683324096,0.8599247572194657,-0.446621609640669,0.6042250578650045,11.809852879595523,-0.17568239616651993,538,False,daily,77086.26103354868,0.7708626103354869,0.0,0.0,0,2533,6213152.871064972,1242.630574212995,-1,0.0,1103851.893822293,0.0,0,1.5,1.6065920938617742,daily
1.75,14.099452315768932,0.3011591631459434,0.36611769113891685,0.8225747360339216,-0.5057980729434458,0.5954138207632447,14.103523896327651,-0.2049817372604974,544,False,daily,132813.15105765275,1.3281315105765275,0.0,0.0,0,2533,12718159.271659162,2543.6318543318293,-1,0.0,1409945.2315768932,0.0,0,1.75,1.943400638481821,daily
2.0,17.54300901580791,0.32975582923789304,0.41841809094496885,0.7881012708919012,-0.560549380536622,0.5882725780951057,16.416115403867625,-0.23428164892228875,547,False,daily,201402.0678616966,2.014020678616966,0.0,0.0,0,2533,22365232.300726596,4473.046460145318,-1,0.0,1754300.901580791,0.0,0,2.0,2.30596417222004,daily
2.25,21.239578881939654,0.35529384234181904,0.4707186770636369,0.7547901956178096,-0.6109952338646027,0.5815001863346001,18.758449038145322,-0.2635845801190978,550,False,daily,282308.400525261,2.82308400525261,0.0,0.0,0,2533,35729270.59288473,7145.8541185769445,-1,0.0,2123957.8881939654,0.0,0,2.25,2.6973603563553503,daily
2.5,24.988879749854767,0.377391249253169,0.5230193906735343,0.7215626341638536,-0.6572607869860678,0.5741879885817206,21.107696553049674,-0.292890534732392,554,False,daily,374081.83865013067,3.7408183865013065,0.0,0.0,0,2533,53163112.31425541,10632.6224628511,-1,0.0,2498887.9749854766,0.0,0,2.5000000000000004,3.1211710909499715,daily
2.75,28.55029106139428,0.39577044382627746,0.5753204490669442,0.6879130482292759,-0.6994943365354489,0.5657950653131852,23.453435891226714,-0.32219951003751357,554,False,daily,473731.41922100005,4.73731419221,0.0,0.0,0,2533,74687401.01458116,14937.480202916233,-1,0.0,2855029.106139428,0.0,0,2.7500000000000004,3.581597187418177,daily
3.0,31.670760937051828,0.4102485884816969,0.6276238883037796,0.6536535592844265,-0.7378816759531015,0.5559815372184029,25.785387490582135,-0.35155508445168626,557,False,daily,576555.9088094601,5.7655590880946015,0.0,9.920569531974698,1,2533,99892553.2335324,19978.51064670648,-1,0.0,3167076.093705183,0.0,0,3.0,4.0,daily
1.0,6.308935000180161,0.2011162635432049,0.20921779979191915,0.9612770220470161,-0.3147051137192389,0.6390625851813415,7.290798491345408,-0.11708640859662678,487,False,weekly,2.4440617301363e-12,2.4440617301363e-17,0.0,0.0,0,507,5.7480065152049065e-09,1.149601303040982e-12,-1,0.0,630893.5000180161,0.0,0,1.0,1.0000000000000002,weekly
1.25,8.537180552518745,0.23780853340685582,0.26213542323846256,0.9071972435809381,-0.38095363115119596,0.6242453515621497,9.492711385247505,-0.1466752826341451,491,False,weekly,33868.2520711133,0.338682520711133,0.0,0.0,0,507,1022555.7154044829,204.5111430808965,-1,0.0,853718.0552518745,0.0,0,1.24958907332592,1.2959900585535205,weekly
1.5,11.343042173369467,0.2733026433342933,0.31537437720828904,0.8665974888435232,-0.442437232764032,0.6177207140251137,11.719273906632553,-0.17638549924927993,538,False,weekly,78654.96315186567,0.7865496315186566,0.0,0.0,0,507,2947637.170509063,589.5274341018127,-1,0.0,1134304.2173369466,0.0,0,1.4990052919532975,1.6145922229635465,weekly
1.75,14.784312963576342,0.3073134912549429,0.36897701775955644,0.8328797634090139,-0.4993181182508911,0.615466333029253,13.951840758970041,-0.20621290266901637,544,False,weekly,137921.0238458846,1.379210238458846,0.0,0.0,0,507,6157617.698724082,1231.5235397448155,-1,0.0,1478431.2963576342,0.0,0,1.7482527769052794,1.9584748807264871,weekly
2.0,18.851970381623058,0.33931005503900735,0.4229934963509006,0.802163763665831,-0.5518610707750536,0.614846875432739,16.20816051178685,-0.23615958039602802,547,False,weekly,213666.532142299,2.13666532142299,0.0,0.0,0,507,11090207.028348185,2218.0414056696354,-1,0.0,1885197.0381623057,0.0,0,1.99732055588735,2.330771690517768,weekly
2.25,23.490037092058266,0.3689412112210362,0.47747817144107507,0.7726870740656816,-0.6002928174469839,0.6146020750175308,18.484985801491593,-0.26622927451341694,550,False,weekly,307266.1250591526,3.072661250591526,0.0,0.0,0,507,18211453.31698941,3642.2906633978823,-1,0.0,2349003.7092058267,0.0,0,2.246220434245601,2.735172899600809,weekly
2.5,28.556012809891747,0.39579827031363357,0.5324935533680054,0.743292135294825,-0.6448180122635483,0.6138139177040606,20.76730903492712,-0.29642276250813326,554,False,weekly,419515.2834408691,4.195152834408692,0.0,0.0,0,507,27952101.454177763,5590.4202908355555,-1,0.0,2855601.2809891747,0.0,0,2.4949526042936827,3.176018692994191,weekly
2.75,33.847408767477106,0.4196051012845816,0.588110300883269,0.7134802785368435,-0.685637560330235,0.6119925826153402,23.046051855865546,-0.32674081767025587,554,False,weekly,549521.4095668201,5.495214095668201,0.0,0.0,0,507,40652402.715207145,8130.480543041433,-1,0.0,3384740.8767477106,0.0,0,2.74351720501571,3.658468408428614,weekly
3.0,38.98593729514269,0.4397076210078261,0.6437741535704535,0.6830153378621239,-0.7237926342692491,0.6075049678445,25.32100001726571,-0.35730600915869914,557,False,weekly,692382.2754606341,6.923822754606341,0.0,23.866679031335252,1,507,56302673.04224773,11260.534608449547,-1,0.0,3898593.729514269,0.0,0,2.991914422120176,4.000000000000001,weekly
1.0,6.308935000180126,0.20111626354320467,0.20921779979191915,0.9612770220470152,-0.3147051137192388,0.639062585181341,7.290798491345445,-0.11708640859662678,487,False,monthly,3.016044348602063e-12,3.016044348602063e-17,0.0,0.0,0,121,1.8189894035458565e-09,3.6379788070917116e-13,-1,0.0,630893.5000180126,0.0,0,1.0,1.0000000000000002,monthly
1.25,8.636093506870704,0.2392279261418031,0.26427373766866835,0.9052277697064766,-0.3863590162324402,0.6191855659915013,9.434782832806727,-0.1493867891529117,491,False,monthly,34004.89372955778,0.3400489372955778,0.0,0.0,0,121,471240.5696223971,94.24811392447944,-1,0.0,863609.3506870705,0.0,0,1.2353892476048842,1.361130959259302,monthly
1.5,11.667160075647548,0.276876581868013,0.3209682951224107,0.8626290698351311,-0.45506355967337997,0.6084349669016347,11.5766080747755,-0.18304335530939098,538,False,monthly,79739.19187207246,0.7973919187207247,0.0,0.0,0,121,1358887.734772582,271.77754695451637,-1,0.0,1166716.0075647547,0.0,0,1.4652886221906478,1.7927403115296514,monthly
1.75,15.54572448136052,0.31386133323556575,0.37972659380449225,0.82654556819679,-0.520782620763218,0.6026724409036448,13.704832056964985,-0.21813146953013574,543,False,monthly,141704.32902229019,1.4170432902229018,0.0,0.0,0,121,2848641.8179688626,569.7283635937724,-1,0.0,1554572.448136052,0.0,0,1.6899149167354675,2.317469560589694,monthly
2.0,20.375616215666703,0.34970608627366695,0.441160893536675,0.7926951173531316,-0.583653793856761,0.5991669889830118,15.827012590777084,-0.2547531955775363,544,False,monthly,223324.57423212123,2.233245742321212,0.0,0.0,0,121,5166928.9748661565,1033.385794973231,-1,0.0,2037561.6215666702,0.0,0,1.909378905010755,2.9692477419978087,monthly
2.25,26.247859533477957,0.3841433618740542,0.5061843864388054,0.758900061253657,-0.6437306067485786,0.5967455296468275,17.95533560890706,-0.293013445855433,547,False,monthly,328187.0559683887,3.281870559683887,0.0,0.0,0,121,8580372.621441334,1716.0745242882667,-1,0.0,2624785.9533477956,0.0,0,2.1239219879364986,3.800627712466425,monthly
2.5,30.312872571716426,0.40411377724121733,0.5657921161937435,0.7142442704218189,-0.6981282598508035,0.5788532000231307,20.329457659276056,-0.3330247380905791,550,False,monthly,423614.55729462864,4.2361455729462865,0.0,80.88637731985025,2,121,12256261.346980836,2451.2522693961673,-1,0.0,3031287.2571716425,0.0,0,2.333717682360002,3.9999999999999996,monthly
2.75,34.101529155125114,0.42066187829487145,0.6214267806115683,0.6769291112315485,-0.7340314909170713,0.573084238891866,22.799053605796338,-0.37523791788645133,554,False,monthly,522527.2724852597,5.225272724852597,0.0,215.41520028325922,5,121,16577918.524676884,3315.583704935376,-1,0.0,3410152.9155125115,0.0,0,2.5389118407114113,4.000000000000001,monthly
3.0,37.65866922657368,0.4347549208003245,0.6695272234563333,0.6493461439192387,-0.7583530861907923,0.5732882594097408,25.31201308919697,-0.37553431357470035,554,False,monthly,626293.2607473771,6.262932607473771,0.0,771.3727591037739,12,121,21298115.830231447,4259.623166046289,-1,0.0,3765866.922657368,0.0,0,2.7396535269971967,4.000000000000001,monthly
1.0,6.308935000180161,0.20111626354320467,0.20921779979191915,0.9612770220470152,-0.31470511371923904,0.6390625851813405,7.290798491345455,-0.11708640859662678,487,False,quarterly,3.0680559927146434e-12,3.068055992714643e-17,0.0,0.0,0,41,7.8580342233181e-10,1.5716068446636203e-13,-1,0.0,630893.5000180161,0.0,0,1.0,1.0000000000000002,quarterly
1.25,8.642024891099528,0.23931257497970138,0.2635455139346751,0.9080502695979096,-0.38501271918187663,0.6215705691183989,9.344584184592424,-0.1493867891529117,490,False,quarterly,33426.89494551048,0.3342689494551048,0.0,0.0,0,41,291871.4388666925,58.374287773338494,-1,0.0,864202.4891099527,0.0,0,1.2353892238788793,1.3611309592593017,quarterly
1.5,11.705713056328744,0.27729572445701844,0.31932331297000416,0.8683854676249911,-0.4522016135097461,0.6132125940568809,11.35051016939616,-0.18304335530939086,505,False,quarterly,78591.92645742519,0.7859192645742519,0.0,0.0,0,41,851254.2534057568,170.25085068115135,-1,0.0,1170571.3056328744,0.0,0,1.4652885222323482,1.7927403115296503,quarterly
1.75,15.681864969560955,0.3150015432507811,0.377013155087137,0.835518705383043,-0.5163727850776626,0.6100273917483952,13.318820435102241,-0.2181310461064747,540,False,quarterly,140457.86447159373,1.4045786447159372,0.0,0.0,0,41,1810473.7308153498,362.09474616307006,-1,0.0,1568186.4969560956,0.0,0,1.6899135485658947,2.3174616768330036,quarterly
2.0,20.732178793889343,0.3520375671316607,0.43726973389185103,0.805081028587104,-0.5778037952559867,0.6092683537595943,15.261691331758392,-0.2547525203162645,544,False,quarterly,223526.60051277583,2.2352660051277584,0.0,0.0,0,41,3340272.601031399,668.0545202062799,-1,0.0,2073217.8793889342,0.0,0,1.9093765684437165,2.9692314924487717,quarterly
2.25,27.047718133844928,0.3882831653870986,0.5010447172091375,0.7749471295693318,-0.6366770704858149,0.609858880406703,17.176486316818774,-0.2930124478740964,547,False,quarterly,333046.5622827898,3.330465622827898,0.0,0.0,0,41,5662089.855275383,1132.4179710550766,-1,0.0,2704771.813384493,0.0,0,2.1239185186494893,3.8005961575521012,quarterly
2.5,30.768637632687092,0.4061999938836913,0.5581095480839089,0.7278140918360014,-0.6901407291297376,0.5885756002198371,19.34453396946557,-0.33302333577496446,550,False,quarterly,425151.25596651627,4.251512559665163,0.0,85.26858914353295,2,41,8087508.811064197,1617.5017622128394,-1,0.0,3076863.763268709,0.0,0,2.333716028989529,4.000000000000001,quarterly
2.75,33.4808806905443,0.41806821525596916,0.6105989995613531,0.6846853918141108,-0.7249745489988078,0.5766660579096504,21.642783288356842,-0.37523635676531497,553,False,quarterly,509720.3826910806,5.097203826910806,0.0,224.82534548900637,5,41,10699551.01249358,2139.9102024987164,-1,0.0,3348088.0690544304,0.0,0,2.538913841683723,4.0,quarterly
3.0,35.13681069673574,0.42489515365428754,0.6547410845575976,0.6489514155681634,-0.7480594889109293,0.5679964761530876,24.204285720712683,-0.3755338869106818,554,False,quarterly,582865.391051576,5.82865391051576,0.0,559.3954702719043,14,41,13309147.255889742,2661.8294511779477,-1,0.0,3513681.0696735745,0.0,0,2.7396610972311115,4.000000000000001,quarterly
1.0,6.30893500018016,0.20111626354320467,0.20921779979191915,0.9612770220470152,-0.31470511371923904,0.6390625851813405,7.290798491345448,-0.11708640859662678,487,False,band,0.0,0.0,0.0,0.0,0,0,0.0,0.0,-1,0.0,630893.500018016,0.0,0,1.0,1.0,band
1.25,7.513595428313032,0.2221802835081257,0.23687580618277204,0.9379610652879113,-0.3610885387582172,0.615306939046593,8.219240332390852,-0.13809442634096403,487,False,band,12257.33219121929,0.12257332191219289,0.0,0.0,0,0,0.0,0.0,-1,0.0,751359.5428313032,0.0,0,1.0495865561922921,1.2669590554913235,band
1.5,9.637813886745867,0.2528320377505333,0.27824555743910917,0.9086651376486494,-0.4003647583007457,0.6315042283532137,9.204018671996824,-0.1568536952384788,489,False,band,43022.67205715664,0.4302267205715664,0.0,0.0,0,1,206196.84616499185,41.23936923299837,-1,0.0,963781.3886745868,0.0,0,1.3105068858021132,1.6905973746658396,band
1.75,13.264371776669531,0.29327974920923205,0.3257118372588317,0.9004270513391658,-0.43405105437802516,0.6756803059250442,11.524647385533815,-0.17370693951918825,491,False,band,94171.3979312212,0.941713979312212,0.0,0.0,0,2,477851.7809461521,95.57035618923042,-1,0.0,1326437.177666953,0.0,0,1.4878623429205824,1.888426265253,band
2.0,15.848701363499385,0.3163867459350169,0.3959546882081941,0.7990478591546815,-0.5668292806391324,0.5581693761096336,13.482304992160378,-0.21630656526383218,496,False,band,148430.9075410499,1.484309075410499,0.0,0.0,0,5,1362914.331307639,272.5828662615278,-1,0.0,1584870.1363499386,0.0,0,1.9038347511785456,2.6632843025713284,band
2.25,20.888497066940165,0.35304832947401055,0.4460893482417332,0.7914296336945839,-0.5390148438802709,0.6549881389768029,16.955687203418183,-0.23134582898939404,514,False,band,233359.25008914393,2.3335925008914393,0.0,0.0,0,7,1924234.6847330274,384.8469369466055,-1,0.0,2088849.7066940165,0.0,0,1.8326507132997902,2.8466472539199326,band
2.5,22.56400110585526,0.36347444848834143,0.4975505897311908,0.7305276206882078,-0.6451183459474117,0.5634228987156581,18.724362679806923,-0.2604239994823515,517,False,band,291635.8371308046,2.916358371308046,0.0,0.0,0,12,4495338.096542854,899.067619308571,-1,0.0,2256400.110585526,0.0,0,2.371556090301868,3.4612921150802975,band
2.75,32.78100105640135,0.4150909885031564,0.557470878443069,0.7445967216483884,-0.6889689755598913,0.6024813935429129,21.02581386655021,-0.33102016613675667,521,False,band,425549.5170072872,4.255495170072872,0.0,0.0,0,13,6074746.25663398,1214.949251326796,-1,0.0,3278100.105640135,0.0,0,2.524295564850934,3.72788256228082,band
3.0,33.778383581075055,0.41931682151228267,0.5980454370617032,0.7011454239538321,-0.700056290572902,0.5989758640253461,23.56604322174004,-0.30140437472147874,521,False,band,504903.79715702566,5.0490379715702565,0.0,26.30577445347444,3,19,13183510.858494602,2636.7021716989207,-1,0.0,3377838.3581075054,0.0,0,2.811054653856199,4.000000000000001,band
1.0,6.30893500018016,0.20111626354320467,0.20921779979191915,0.9612770220470152,-0.31470511371923904,0.6390625851813405,7.290798491345448,-0.11708640859662678,487,False,never,0.0,0.0,0.0,0.0,0,0,0.0,0.0,-1,0.0,630893.500018016,0.0,0,1.0,1.0,never
1.25,7.513595428313032,0.2221802835081257,0.23687580618277204,0.9379610652879113,-0.3610885387582172,0.615306939046593,8.219240332390852,-0.13809442634096403,487,False,never,12257.33219121929,0.12257332191219289,0.0,0.0,0,0,0.0,0.0,-1,0.0,751359.5428313032,0.0,0,1.0495865561922921,1.2669590554913235,never
1.5,8.718255856445818,0.24039586167577331,0.2611216271249267,0.9206279247056097,-0.4003647583007457,0.6004421135768222,8.976155670487877,-0.1568536952384788,489,False,never,24514.66438243858,0.24514664382438578,0.0,0.0,0,0,0.0,0.0,-1,0.0,871825.5856445818,0.0,0,1.085469692114331,1.5412615385568098,never
1.75,9.923535171140227,0.2564786884633594,0.2827826143847508,0.9069818136499631,-0.43405105437802516,0.5908952089308511,9.60783811334889,-0.17370693951918825,490,False,never,36710.10791750167,0.3671010791750167,0.0,0.0,0,0,0.0,0.0,-1,0.0,992353.5171140227,0.0,0,1.1125708792189084,1.82321467586479,never
2.0,11.13832583902365,0.2709976198159314,0.30223137366088154,0.8966561496689753,-0.46306355267351773,0.5852277041700102,10.132141780604119,-0.18883188921463656,490,False,never,47954.41613366642,0.47954416133666417,0.0,0.0,0,0,0.0,0.0,-1,0.0,1113832.583902365,0.0,0,1.1328336217416999,2.113138288975533,never
2.25,12.36149285654869,0.28424124485164426,0.3195285215530855,0.8895645480099068,-0.4876534983922648,0.582875434686214,10.564101020945362,-0.2021230978453551,490,False,never,58361.08938566145,0.5836108938566145,0.0,0.0,0,0,0.0,0.0,-1,0.0,1236149.285654869,0.0,0,1.1483324801571384,2.4106730162562084,never
2.5,13.584659874073875,0.29635326993453726,0.3354648667405427,0.8834107512180839,-0.5092827271120013,0.5819032418693504,10.941650062580981,-0.21418334535509198,491,False,never,68767.76263765674,0.6876776263765674,0.0,0.0,0,0,0.0,0.0,-1,0.0,1358465.9874073875,0.0,0,1.1610402944685958,2.7166854611630282,never
2.75,14.807826891598886,0.3075201997509738,0.35025778320510015,0.8779824874609551,-0.5284555968798127,0.5819224956016759,11.275485090655659,-0.22517607092702108,491,False,never,79174.43588965156,0.7917443588965156,0.0,0.0,0,0,0.0,0.0,-1,0.0,1480782.6891598885,0.0,0,1.1716487083150977,3.031543196361723,never
3.0,16.030993909123946,0.31788534485928466,0.3640772170862875,0.8731261664855694,-0.5455680646158163,0.5826685348291719,11.57363731977834,-0.23523700613814202,491,False,never,89581.10914164626,0.8958110914164625,0.0,0.0,0,0,0.0,0.0,-1,0.0,1603099.3909123945,0.0,0,1.1806382753204299,3.3556353555054197,never
