leverage,terminal_multiple,cagr,vol,sharpe_naive,max_drawdown,calmar,ulcer_index,worst_day,longest_underwater_days,wiped_out,rebalance,interest_paid,interest_pct_of_start,monthly_contribution,liquidation_cost,margin_calls,ruin_day,max_leverage_reached
1.0,2452585.282507989,0.1520443122214159,0.18851353424988448,0.8065432162545596,-0.7629945635520213,0.19927312655229612,19.14059009004687,-0.1852754088467462,1956,False,monthly,0.0,0.0,0.0,0.0,0,-1,1.0
1.25,18049959.246122286,0.17437943369833997,0.23720808252162104,0.7351327654800534,-0.8501627545024024,0.2051130007458439,24.554801460143615,-0.23840271151955872,4421,False,monthly,60287359968.89841,602873.5996889841,0.0,0.0,0,-1,1.47019894202828
1.5,108903496.6368756,0.19486158934804787,0.286995613510607,0.6789706189737497,-0.9085125747591262,0.21448419621457798,30.42677771086749,-0.2946989008379265,4617,False,monthly,638183943485.0686,6381839.434850686,0.0,0.0,0,-1,2.140969638379575
1.75,521876826.1484199,0.21300996523975857,0.33836783402893394,0.6295219102343635,-0.9463381689277586,0.2250886334650413,35.86299575285005,-0.3544615049260258,4788,False,monthly,4126900313015.848,41269003.130158484,0.0,0.0,0,-1,3.175981033071174
2.0,1781815872.501466,0.22742438843051738,0.3914580404650486,0.5809674726832517,-0.9721182552898584,0.23394724581394247,41.254075282234204,-0.41802020675924034,5973,False,monthly,17207441940191.527,172074419.40191528,0.0,174.54972855141946,2,-1,4.000000000000001
2.25,4522446615.328817,0.23847203290564978,0.4439955179091382,0.5371045951739811,-0.9859333762751494,0.24187438892331217,46.66064532016673,-0.4858250033868189,6200,False,monthly,50699953608759.99,506999536.08759993,0.0,8036820.810165416,6,-1,4.000000000000001
2.5,9116293928.596722,0.24685230110837075,0.4949728289535764,0.49871889257081436,-0.9929992820849454,0.2485926279725688,51.05331383803976,-0.5587532664794976,6362,False,monthly,115297217682254.97,1152972176.8225496,0.0,11197432073.68214,11,-1,4.000000000000001
2.75,12194623407.64166,0.25034689113424413,0.5451937424873724,0.45918885640922885,-0.9965358285777801,0.2512171504074572,54.84355270200231,-0.6368012448031544,6855,False,monthly,171703173812161.3,1717031738.121613,0.0,80843160597.09459,33,-1,4.000000000000001
3.0,10443008743.111515,0.24848310825414832,0.591824196632918,0.41985966384586887,-0.9982069228044718,0.2489294579885628,58.692953483516256,-0.7205276748868443,7198,False,monthly,162897708059047.0,1628977080.59047,0.0,230828324889.04877,115,-1,4.000000000000001
