leverage,terminal_multiple,cagr,vol,sharpe_naive,max_drawdown,calmar,ulcer_index,worst_day,longest_underwater_days,wiped_out,rebalance,interest_paid,interest_pct_of_start,liquidation_cost,margin_calls,ruin_day,max_leverage_reached
1.0,45.374064595012086,0.12035989063763108,0.19082570478286354,0.6307320639773663,-0.5407185236854564,0.2225925049086096,14.067649493961088,-0.15353688199036142,1655,False,monthly,0.0,0.0,0.0,0,-1,1.0
1.25,81.87052772482488,0.1402327640459078,0.24088299292108187,0.5821613321279634,-0.6326927463051434,0.22164433663077668,18.209596418335135,-0.19533829858668794,1771,False,monthly,258035.47123001915,2.5803547123001915,0.0,0,-1,1.3596802084543074
1.5,142.99167058809732,0.15933336574200796,0.29233525796264037,0.5450364312961877,-0.7086047747601721,0.22485505519763746,22.210654828312254,-0.2386481114024166,1795,False,monthly,727085.6957183561,7.27085695718356,0.0,0,-1,1.7883859738891623
1.75,238.12441396066748,0.17708217850278096,0.34554609025652483,0.5124705024771646,-0.7750560298836975,0.2284766154639857,26.340404070624448,-0.28354698930986777,3295,False,monthly,1543476.2929105328,15.434762929105329,0.0,0,-1,2.3082110928627473
2.0,376.7813406579902,0.1932835366425254,0.4010193513696568,0.48198057271395367,-0.8363765299014361,0.23109631814429699,30.93369836901997,-0.3301290646919801,3390,False,monthly,2859796.4553106898,28.597964553106898,0.0,0,-1,2.951684980482285
2.25,565.9943312326338,0.2078370613740952,0.45948892875498376,0.4523222397049777,-0.8833256132784508,0.23528929564570283,35.382431372206156,-0.3784906572578096,3459,False,monthly,4810925.950483878,48.10925950483878,0.0,0,-1,3.768882282974326
2.5,707.2960490309121,0.21588296346152536,0.5165223020516497,0.41795477679091214,-0.9251703187671944,0.23334402226521186,40.344914027603984,-0.42881438431990204,3677,False,monthly,6632831.43465454,66.3283143465454,933.3076854486726,6,-1,4.0
2.75,738.941639964577,0.2174694241751327,0.5643284710393889,0.3853596537041524,-0.9558214151065839,0.22752097906373298,45.89722839269832,-0.48155262975150004,4254,False,monthly,7641241.4085563645,76.41241408556364,3035.680966135176,14,-1,4.0
3.0,720.9067539040044,0.21657356966731078,0.6099735527378369,0.35505403258097135,-0.9735988827634654,0.22244640323804382,51.47127621822724,-0.5162904868306386,4410,False,monthly,8216281.906867141,82.16281906867141,11051.702579879657,33,-1,4.0
