leverage,median_cagr,p05_cagr,prob_deep_drawdown,prob_ruin,mean_leverage
1.0,0.2022038696616565,0.14660064601444048,0.0006666666666666666,0.0,1.0
1.05,0.209270256443285,0.15048718356335564,0.0013333333333333333,0.0,1.0497593528854912
1.1,0.21632275922751776,0.15436509529064954,0.0026666666666666666,0.0,1.0995001500808848
1.1500000000000001,0.22347897055190558,0.1581809864220346,0.004333333333333333,0.0,1.1492252697013479
1.2000000000000002,0.2304626931307172,0.16191157569018289,0.008666666666666666,0.0,1.1989349861876357
1.2500000000000002,0.2374305091450949,0.16572873236500793,0.013666666666666667,0.0,1.2486305031020652
1.3000000000000003,0.24429507081214907,0.16923924321326214,0.02033333333333333,0.0,1.2983127899004356
1.3500000000000003,0.2512614011447477,0.17271118795619436,0.03,0.0,1.3479848649239994
1.4000000000000004,0.25790113308573226,0.176338773593947,0.045,0.0,1.3976473119534356
1.4500000000000004,0.2645031414282587,0.17945991377717985,0.066,0.0,1.4473062048440237
1.5000000000000004,0.27112017926703147,0.18261536113590177,0.09,0.0,1.4969578558904262
1.5500000000000005,0.27762298757678283,0.18573556959096557,0.11466666666666667,0.0,1.5466038571408245
1.6000000000000005,0.2840018587041948,0.18871335563115102,0.147,0.0,1.596243660675261
1.6500000000000006,0.29024287155826356,0.191587229223056,0.184,0.0,1.6458855322257206
1.7000000000000006,0.29638860789618704,0.19406527702251972,0.21533333333333332,0.0,1.6955196709351217
1.7500000000000007,0.3026038938758766,0.19678253575071158,0.26033333333333336,0.0,1.7451548455632406
1.8000000000000007,0.30852090339291405,0.19933934948448975,0.311,0.0,1.7947953576686415
1.8500000000000008,0.31431108918503736,0.20181389337290398,0.35533333333333333,0.0,1.844440979682108
1.9000000000000008,0.3200490723691636,0.20394261046913334,0.408,0.0,1.8940871185289119
1.9500000000000008,0.3256220798257152,0.20598063439768238,0.46066666666666667,0.0,1.9437396123030306
2.000000000000001,0.3310730724836666,0.2082010224372901,0.5056666666666667,0.0,1.9934011809609642
2.0500000000000007,0.3363729302491344,0.2098724078869817,0.5543333333333333,0.0,2.0430627530012098
2.100000000000001,0.34152588783970905,0.211688472648813,0.6033333333333334,0.0,2.0927319675112415
2.1500000000000012,0.34645782103137435,0.21325218860019488,0.6526666666666666,0.0,2.1424358296341834
2.200000000000001,0.35130514065641183,0.21467063621848925,0.698,0.0,2.192131694796996
2.250000000000001,0.35597943333760196,0.21544806030460628,0.7456666666666667,0.0,2.2418118514902003
2.300000000000001,0.3598319843277781,0.21506921302944174,0.7886666666666666,0.0,2.2914254815274253
2.3500000000000014,0.36350788447971005,0.21432379629628162,0.8236666666666667,0.0,2.340998388802178
2.4000000000000012,0.36731152115604826,0.21456875507174894,0.8546666666666667,0.0,2.390525302069253
2.450000000000001,0.3709594393589425,0.2143082135781739,0.8833333333333333,0.0,2.4400466380046373
2.5000000000000013,0.3743950192568839,0.21371580061378043,0.9063333333333333,0.0,2.489493501852798
2.5500000000000016,0.37767809232754335,0.21360342379782465,0.927,0.0,2.5389561379015024
2.6000000000000014,0.3809847702060858,0.21298885438343515,0.9416666666666667,0.0,2.58838892417248
2.6500000000000012,0.3841620245701106,0.21206731099386175,0.953,0.0,2.637780345072163
2.7000000000000015,0.3873066719726027,0.21113788390106814,0.9606666666666667,0.0,2.6871571778405707
2.7500000000000018,0.3905150146399412,0.21091589084739318,0.9693333333333334,0.0,2.7364933678155827
2.8000000000000016,0.3937683107904768,0.21036802934028662,0.976,0.0,2.7857567914017327
